id,value
1,4.140017865098031
2,4.198531488957041
4,3.861452761270971
5,3.852639827825829
6,3.4800271558662264
10,3.735161235256304
11,3.6497393381847196
15,3.6648954018242375
17,3.553412099460722
23,3.2305293825661194
25,3.6747031395193175
28,3.3817451828330753
31,3.390746989874845
35,3.0004854855613132
39,2.818852199501932
40,2.7030753848323203
43,3.24135516626453
48,3.1148182619215667
51,2.6411854704364606
55,3.176880720903017
56,3.1391499596683645
57,2.753762097069041
61,3.0031033939673577
62,3.00510199090229
69,2.8164481847290253
70,2.449716776317924
71,2.8204124736151144
74,3.09034766176659
80,2.969192024381159
82,2.8912376339460586
84,2.9106974469783466
85,2.873320370591855
88,2.740664642280241
90,2.685613251130934
91,2.7576234985325416
95,2.752270264868325
101,2.468116978420572
104,2.278049859690276
111,2.5343555388235015
113,2.5438619045052113
116,2.9332417957497348
120,2.7022618077933167
122,2.7269155255195923
130,2.2585370183143105
136,2.67257444649853
138,2.485609859386612
141,2.387088631453543
144,2.368011028730779
146,2.175628164776532
147,2.0980951251599644
150,2.175628164776532
151,2.387236912918286
152,2.1418616924279683
158,2.173521802204199
159,2.4001874480017342
160,2.519217477284725
162,2.6055433998165842
168,2.528495634259296
172,2.5023114907149044
177,2.384490231825849
181,2.355071656272764
183,2.6970203875021803
184,2.6682881376329637
186,2.5493681992130908
187,2.6171490224046674
192,2.578183504135309
193,2.534491719975486
194,2.503956738700709
200,2.330563671111461
201,1.9130835878933137
204,2.487100405315701
206,2.6426793084811186
208,2.452971811215835
219,2.2189275212932196
221,2.321205751749812
227,2.3899687867746167
231,1.6839468471697965
233,2.615242192117691
235,2.410839918947928
237,2.1145023512297305
238,2.280905267309247
239,2.2297661520809506
255,2.2961762143236752
258,2.323075398453129
260,2.2696088176113207
272,2.317299953448252
273,2.2719362832248327
275,2.3453387710809013
279,2.1545094921126
281,2.286929447525975
284,2.370084316662353
286,1.963396856181433
292,2.3527116737826206
300,1.873138034940356
301,1.8905106778200886
303,1.8243146649360107
304,2.00934756118696
315,2.0660372083893277
318,1.8433551360585427
320,1.7195341142318845
322,2.1995402824891097
323,2.380317523855273
326,2.3463654735864155
328,2.314185244325834
337,2.365798007796787
339,2.212948636482753
342,2.3321960108007236
343,2.4019425259434577
360,1.9087253020024442
364,2.3091083605944194
365,2.2470551921187574
367,2.16586931060987
368,2.0108864763158456
369,1.724208715246219
372,2.0127792480546725
376,2.307709128207214
379,2.2288385321569226
380,2.267638253969706
383,2.1079529017858922
385,1.6293030327499194
386,1.721892970022268
390,1.7934422165705632
391,1.9159174503869527
393,1.9142758339765156
400,1.5572927853483118
403,1.8277249984138508
413,2.3093802053267676
416,2.191341697702532
423,1.9479396819144852
424,2.0123671877419285
426,1.9346730331302384
427,2.0480979192611666
428,1.8751799326950584
429,2.198868209236838
431,1.7142360754758632
432,2.0198936992762344
433,2.036967377696223
439,1.3039236777170529
443,2.027751521295807
444,2.2562479929994406
446,2.2029473202906154
449,2.262282984526009
456,2.036967377696223
457,1.5988957593563065
464,1.8823790083312677
468,2.1827034451925478
472,1.7881127876376695
474,2.04115987528945
483,1.8674992334173302
488,1.9576038669149853
494,1.8575698942504968
499,1.4060477204302235
505,1.9279920545106641
506,2.0103845985537183
510,1.5743558907825916
511,1.7443776105465383
512,1.672574649507496
517,1.4954028709524518
521,1.7461744356734186
522,1.712562151068277
523,1.6704130920269669
526,1.6102839206116843
531,1.4954028709524518
540,1.459348393139049
547,1.37228124808166
555,2.1799445094805643
556,2.0309209986771632
563,1.281350767643826
564,2.165410848571208
566,1.5382456298316407
573,1.5287392641499304
574,1.9704526405090006
581,2.0215917557372967
588,1.7191145341976626
590,1.8700375791362736
591,1.9134959950868415
595,1.8363859289553977
596,1.8389612730633593
597,1.9873089738940093
599,1.7667017143868187
600,1.7749197952618427
602,1.709785291257796
603,1.8555213587541208
606,1.9424742605546579
613,1.8119093339709667
615,1.710289118218496
620,1.985569975843088
623,1.621329201422279
624,1.7882644159008474
628,1.5551969218928399
630,1.6984323403020218
635,1.8042680002689726
636,1.815873622857056
638,1.97069020092915
662,1.7391773433530442
664,1.7241204456972625
665,1.473579443854652
670,1.9355750060955943
672,1.8496400952056196
677,1.951757210667089
680,1.520809643519314
695,1.544309175624103
705,1.3172787974729188
713,1.4398129715060883
716,1.4367754830658221
717,1.562804514817202
720,1.7284718104308452
723,1.8013412415659318
725,1.8759595233674358
731,1.181244817954034
733,1.1756942859799626
734,1.7001977616930912
738,1.802525645334495
740,1.630553769417648
743,1.7212853821839802
747,1.7341994651467603
750,1.72848445782019
752,1.6624670004584383
753,1.4302818581222765
756,1.7049463313088231
758,1.5759128692194404
768,2.0513802353930486
770,1.7592134417284873
772,1.5213132920657544
773,1.5837894340265397
791,1.7831857956967032
793,1.929189440323655
794,1.6027398648158044
798,1.649058646464795
799,1.4934917709104913
801,1.8798530565009184
804,1.8965482748908045
805,1.7704085733654715
811,1.694947050896166
822,1.6285149501895806
824,1.7536629097544159
827,1.7067691618018273
828,1.6606642690528783
832,1.7118033842811746
837,1.621007181442802
844,1.6911959546513216
851,1.3223343789365636
852,1.3397070218162963
854,1.4555064167429015
856,1.7023593191736204
860,1.7118033842811746
867,1.0697911182454816
877,1.3734734941648599
880,1.4555064167429015
883,1.6724863799585397
885,1.2053720958617624
889,1.594776511134333
891,1.0518973130229594
894,0.9960790929439598
897,1.5650070678016716
898,1.5437019859780772
899,1.1716056235131989
904,1.5832321829419571
906,1.5982890805977388
907,1.4245136165579297
910,1.3156042848359817
915,0.9034891556716113
917,1.4589505861446392
919,1.5911322064482412
925,1.2075395596209715
928,0.9733101058335775
940,0.9185460533273926
945,1.4994551979571433
946,1.3735286890730554
951,1.1201043865336004
953,1.7003887555320047
959,1.2075336533422916
961,1.2811083103514491
963,0.9285453337400502
965,1.2565112110900587
971,0.9905285609698882
973,0.9960790929439598
983,1.0807873822109655
985,1.5605583193630859
997,0.8652453806185673
998,1.1222659440141296
999,1.5094192041347896
1004,1.0572174885849133
1012,1.1373228416699113
1014,1.7180326653229891
1021,1.0775957060272774
1024,1.4370973318528337
1028,1.5489526967750025
1034,1.3681754554088381
1037,0.8164220106142224
1038,1.6907001076063335
1041,1.3735286890730554
1043,1.2262491343137534
1044,1.7241981489546232
1048,1.6303343886031885
1054,1.8810024574417354
1058,1.4893280839996605
1059,1.1698087983863186
1061,1.6980730103080537
1068,0.9810221952881782
1070,0.9960790929439598
1075,1.6175772653594007
1076,1.2076878410857135
1078,1.1032480531485918
1080,1.2850725992375385
1082,1.809620046026207
1084,0.8164220106142224
1085,0.9960790929439598
1088,1.5966827384223126
1091,1.5624107039534572
1094,1.7442742010616314
1096,1.3056749456691479
1099,1.407708948049051
1101,1.609950076508277
1103,1.475652731786226
1107,1.58143274721273
1108,1.5078329610468075
1110,1.2929304212571104
1117,1.5117349493587406
1119,1.515350699778938
1120,1.3328026408848483
1122,1.1426877957236885
1130,1.9112034114657488
1136,1.888368432891755
1137,1.413764038663063
1139,1.6643029063841221
1140,1.602004058208895
1141,1.6592522163926988
1144,1.434174169983062
1148,1.4223520590774006
1165,1.1716056235131989
1168,1.9288674203441774
1174,1.6307059737439085
1179,1.3842992778632703
1187,1.4774004414320998
1188,1.4831885338263207
1190,0.6746833113778439
1196,1.3513888502079234
1197,0.9860777767518223
1200,1.3842992778632703
1201,1.5225055381489556
1203,0.6802338433519155
1205,1.2963562018461443
1208,1.3621384281027902
1212,1.3053897760025999
1213,1.2565664059982546
1214,1.5334159598209536
1217,1.0714996738234062
1224,1.2680695057190459
1228,1.392392330987948
1229,1.0372168919801186
1239,1.1847173382728133
1240,0.9693756311102363
1247,1.4356736241966723
1259,1.6129995904951384
1261,1.3678534354293608
1265,1.3953571877484978
1268,1.2829291050649736
1269,0.7522440907535228
1271,1.7887787926966865
1274,1.3699962501223624
1275,1.360489884440652
1276,1.3789216764201486
1277,1.1242840370375082
1278,1.2807862903719718
1288,1.2343030333704823
1291,1.2373405218107487
1296,1.2792000472839895
1297,1.315389056415257
1302,1.732033772171864
1304,1.458628566165162
1306,1.3924569210599886
1307,0.9059724236668248
1309,0.8409251124622368
1310,1.405404338881363
1314,1.0221599943243371
1316,1.443596036288285
1317,1.7389260993792264
1323,1.105630878525619
1324,1.3435310281883515
1325,1.3088377553939647
1326,0.8010674607578677
1331,0.844834028025871
1333,1.2732685516398412
1334,1.3869063890859172
1335,0.9126859839078684
1337,1.377188398506871
1347,1.4884930502017921
1348,0.7577668829684823
1354,1.2954294014003216
1355,0.714000315700479
1358,1.457954437351648
1362,1.2979096219767714
1363,1.02036055859511
1375,1.3947726662839397
1377,1.3412546485401344
1380,1.5357386322966058
1382,1.1655224895207519
1391,1.010668614993106
1397,1.0940252559375359
1400,1.2053247679026664
1401,1.3244076668681375
1405,1.6634645769099208
1408,0.9860777767518223
1409,1.0541270309436737
1411,1.2187331218963096
1417,0.8959731432541673
1420,1.6805948357664215
1421,1.3939785740759303
1425,1.2530126080632642
1428,1.0372733081610122
1431,1.6356978218529141
1436,0.9770591662989424
1448,0.842672470545342
1450,1.1277917282860994
1458,1.0142937171263144
1459,1.5125415319713094
1463,1.0523302058167938
1471,1.5908101864687638
1473,1.2767128994558383
1474,1.1338275343194497
1476,1.4261588033365116
1482,1.02036055859511
1487,1.2069663843131035
1491,1.416302384382008
1496,0.8449882157692934
1497,1.360493180116985
1498,1.592653192529778
1504,1.3146081360429902
1507,1.3808512984719055
1509,1.0142900855509471
1513,0.9805272447777507
1518,0.8839537340386521
1519,1.105630878525619
1522,1.2600143853896195
1532,1.3562478128412774
1534,1.686145367740493
1538,1.3263748736261967
1542,1.0428015162945912
1544,1.1638207116208379
1549,1.233054212945182
1558,1.1581089999706005
1562,1.0540797029845774
1563,0.865364397432177
1564,1.1941440679982778
1565,0.6935889631077825
1568,0.9786181805152719
1569,1.1559441468137381
1570,0.8959711074746876
1573,1.034956341664363
1574,1.1303775191486045
1578,1.1207887296870467
1580,1.391835079903365
1581,0.5421478211525369
1585,1.1372345721209562
1591,0.7271581371464915
1598,1.0242067637694967
1600,1.1675919708885336
1609,1.1788776092766196
1614,1.1575926904758764
1619,1.1575926904758764
1628,1.1585194909216991
1630,1.268067469939566
1633,1.1198619292412233
1638,1.0860954568926597
1651,0.5083813488039735
1652,1.2463014519437026
1659,1.1581057042942673
1663,1.174804218360486
1667,0.610505391517144
1668,1.1503936148396667
1670,1.2731007194037856
1671,1.3316033856207907
1675,0.757764847189002
1678,1.0877370733030969
1681,1.1141342745253084
1683,0.8691154936770217
1687,1.2128605699427608
1689,1.305067756023122
1690,1.0918104642192306
1697,1.358055960165457
1700,1.064099082484679
1711,1.0390228053287958
1713,0.691427405627253
1720,1.0674880569782212
1723,1.3953637479149865
1729,1.2938726243861378
1730,1.1203782387359473
1735,1.3578521192372235
1736,1.2243017171783452
1737,0.8844420001549411
1738,0.8691154936770217
1741,1.2707849741798345
1747,1.3277416196019933
1753,1.0674880569782212
1755,1.1388761885313934
1764,0.9050494297847942
1766,1.3995471693579655
1770,0.591464920394612
1775,0.8364743282441711
1776,1.1198619292412233
1783,1.1761874430009702
1789,1.254339131745925
1794,1.1503936148396667
1795,1.0775074364783224
1799,1.4693991549553769
1802,0.9786181805152719
1805,0.5139318807780451
1808,1.2841933281734783
1811,0.8292821798596621
1812,1.3298006542152305
1813,1.1992877405966185
1816,1.3300817326048493
1817,1.2747492630659238
1820,0.6880384311337109
1828,1.1541447110845109
1837,1.2863548856540075
1838,1.3579074925596786
1840,0.7296711806802973
1841,1.36336982825394
1842,1.423349635528883
1843,0.8691154936770217
1845,1.2505913311774135
1847,0.6785320654520011
1848,1.1166271424911032
1853,0.9730676485412003
1855,1.32408564688866
1856,1.2184111019168322
1861,1.342798517257775
1864,1.2092481151988967
1871,0.7477655667763445
1873,0.652110401304618
1874,1.3636191395288728
1875,1.233570522439906
1876,1.1198619292412233
1877,0.5139318807780451
1885,1.1128980847101193
1887,1.089738947071969
1894,1.2009293570070556
1896,1.3955828804718764
1897,1.383977257883793
1905,1.1503936148396667
1908,0.6966264515480484
1909,1.4971695415877515
1912,1.0335604696345346
1918,1.5030508051362528
1922,1.4594387803530986
1923,1.1654505124954484
1926,1.233054212945182
1930,1.009149866113715
1935,1.0409155770676237
1949,1.025264398062359
1960,1.1557899590703162
1967,1.2770824488170787
1968,1.151865035759961
1969,0.7836935966054375
1973,0.8540585960212402
1974,0.8804212950879584
1976,0.8485080640471686
1977,1.0992544996113702
1978,1.4040533099908017
1982,1.292606365498153
1986,0.8540585960212402
1996,1.1564604563084622
2002,0.7477655667763445
2010,1.3124800243005765
2013,1.2530339670475614
2014,0.7729992136187649
2024,1.0028996461664204
2026,0.6835876469156434
2027,1.1531915594426203
2028,1.056200318875246
2031,0.3964532882085184
2033,0.8877777404107058
2038,1.1669499667090573
2041,0.5640909613227403
2047,1.056200318875246
2054,0.9535599666673511
2055,1.0802229049391097
2057,1.0127921350203255
2059,0.6819423989298387
2062,0.9292998600004975
2063,0.9672035517661006
2074,0.46481085857312543
2077,0.9956688034155259
2089,1.0424921437044568
2092,1.2125385499632821
2095,0.4684357958510138
2099,1.1781450983460415
2108,1.083967073932253
2116,0.7022972216084254
2117,1.2271816609916315
2120,0.4115101858642999
2130,0.7196698644881583
2131,0.4739863278250854
2133,0.6096795445769648
2135,0.8123162179414
2138,0.6152300765510365
2139,1.1538226911050322
2140,1.118126596704712
2143,0.8634553331696961
2144,0.9608144156260161
2146,0.5965205018582544
2148,0.5934830134179885
2153,1.2292842135743378
2160,0.45527675313230337
2173,1.0046990818956474
2179,0.9633029962346502
2180,1.1554643075154694
2181,0.6152300765510365
2182,0.5423438981896923
2183,0.7629427025184315
2184,1.0788741824541175
2189,0.6663691917793327
2190,1.0952175020207353
2191,1.1706790244900411
2192,1.1554643075154694
2200,0.914242962344716
2205,0.36268681585995494
2206,0.987842748510639
2207,1.1950014317310502
2212,0.8391952265028425
2215,0.5423438981896923
2219,0.9633029962346502
2229,1.3039473603010079
2232,0.8968703194649833
2238,0.9162429920601305
2241,1.104999321100687
2244,0.4497262211582318
2247,0.46481085857312543
2249,1.0255735097452918
2250,0.581463604202473
2254,1.001033757469303
2255,0.9686168643231325
2262,1.0220820123844578
2264,0.9723955752889276
2268,1.1598777817190444
2269,1.2100514021351307
2281,0.5346318087350913
2284,1.2292842135743378
2288,0.8600663586761539
2296,0.955615369705221
2299,1.1950014317310502
2300,1.1311455318498282
2302,1.166599913436264
2305,1.2875862858051557
2310,0.9695436647689564
2325,0.9653820775730123
2327,0.581463604202473
2332,1.1207866939075652
2333,0.8391952265028425
2343,1.0160269217704458
2347,1.2181916048046453
2350,0.7347267621439397
2356,1.1450701953381957
2359,1.4364359695430478
2365,0.8447457584769141
2370,0.7638036452793615
2372,1.167286418421131
2375,0.5909699698841828
2382,0.9576887309059399
2383,1.2704629542003558
2386,0.6216989537924803
2390,0.9918070373967285
2398,0.37774371351573643
2403,1.0480426756785282
2406,0.6324449001119797
2411,0.9090439164239208
2418,0.45691836954274073
2419,0.9540762761620756
2422,1.0199912106565352
2429,0.8837112767462729
2430,1.0366292682020557
2431,1.0616155050246707
2434,0.7195120451693687
2439,0.9861539825553649
2443,1.0213975959618664
2445,1.420253764971553
2449,1.1028967685179807
2452,0.872961698851406
2456,0.976647616873655
2459,1.3191645747853122
2465,0.6495128583943244
2476,0.8218225836231098
2485,0.9630663323490609
2488,0.668530749259862
2490,1.1572706704963973
2491,1.0630869259449651
2492,1.0219175370319582
2501,0.6821917748858151
2503,0.9993837810266821
2506,1.0202722890461533
2508,0.7178704287589314
2510,0.45926032659905386
2513,1.1329482632553882
2520,1.0389818637389352
2521,0.9318129035343031
2525,1.0574867407860824
2526,0.304031688214215
2529,0.9213884490017229
2530,0.7836053270564807
2535,0.39413632171186996
2536,0.566625363840843
2540,0.313565793655037
2543,0.47400768680938243
2547,1.0247974808452462
2549,0.4193147736460959
2558,0.8551025606396968
2559,0.7739133834544765
2562,0.9722591332297448
2568,0.576108334758776
2570,0.8173717994050441
2571,0.7102010516785022
2573,0.4584344796588765
2575,0.7739133834544765
2576,0.45895078915360094
2577,0.479558218783454
2578,0.6879501615847541
2581,0.8893853424829847
2582,0.8028312112439872
2583,1.0814871280476144
2584,0.753231189558836
2586,0.42486530562016744
2587,0.812337576925697
2595,0.3401139057867297
2600,0.8178881088997686
2603,0.8028312112439872
2604,0.9159209720806533
2605,0.6935006935588257
2606,0.8213360882911334
2610,0.9664884813627279
2613,0.8062791906353519
2630,0.9938640362304858
2631,0.43021853928438464
2632,0.9667086012556732
2652,0.8382462272546886
2659,0.5172856843417736
2662,1.0630848901654852
2665,0.5064138325811198
2667,0.9062913290528047
2668,1.1257691903035592
2672,0.6817339559756196
2674,0.43021853928438464
2675,0.6935006935588257
2676,0.8215005636436326
2678,0.5133246911320175
2685,0.9044389444624331
2689,0.5149663075424548
2691,0.391098833271604
2694,0.9194714743393104
2695,0.43021853928438464
2697,0.6610711530233115
2699,0.8928333218743497
2700,0.7937268813349251
2701,0.304031688214215
2705,0.7122725688257635
2716,0.6476256674294358
2718,0.6784437959030443
2721,0.7122102682516077
2733,0.9264849720552258
2737,0.479558218783454
2739,1.1273755324789854
2748,0.8064436659878511
2749,0.6800923395651822
2752,0.4964145521684624
2753,0.30801526168096544
2755,0.5172856843417736
2765,0.3496202714684396
2766,0.6935006935588257
2774,0.4927172615021644
2775,0.8173717994050441
2776,0.8914200093173177
2777,0.3496202714684396
2779,0.6705775187050214
2785,1.078039148656249
2786,1.1984581227173678
2796,0.8044797549061251
2797,0.33779816056277845
2805,0.9289778400210202
2807,0.9251864816658811
2809,1.2690087000534642
2810,0.7272671659073892
2816,0.44527543694016614
2817,0.7893203343830515
2819,1.0176312281663917
2827,0.8898983563013761
2833,0.4790419092887296
2835,1.0437563668129615
2837,0.42466800731031307
2841,0.8727422017392211
2842,0.9442076682077517
2843,0.9512142386719664
2851,0.4355834933381619
2854,1.242370547588504
2860,0.5970087679745437
2863,0.566625363840843
2869,0.8308355267211427
2874,0.3551708034425112
2876,0.4756529347951874
2877,0.834908917637276
2878,0.7683628514804048
2882,1.1136673573081957
2887,0.7294287233879185
2889,0.851654581248332
2890,0.6745418075911106
2903,0.9103704401065816
2906,0.44527543694016614
2910,1.0453979832233986
2912,1.0043770619161703
2913,0.652360858743187
2918,0.8447437226974345
2921,0.479558218783454
2922,1.000475073604237
2925,1.2666929548295132
2927,0.8182985998508674
2930,0.5323425819975551
2936,0.391098833271604
2937,0.5423418624102125
2943,0.8872827899002781
2946,0.3140309686268724
2947,0.6935006935588257
2949,0.5172856843417736
2952,0.6650354419094008
2953,0.3496202714684396
2955,0.7194647172102725
2957,0.7255198078242843
2960,0.4645013211276725
2962,0.24520822329043
2963,0.8118212674309725
2969,0.994932996808616
2977,0.6879501615847541
2979,0.7312314547934784
2980,1.0437563668129615
2992,1.057164720806605
2994,0.9722591332297448
3002,0.7836053270564807
3008,1.1458560417472279
3009,0.4760044208484635
3011,0.6879501615847541
3016,0.9405633635216601
3022,0.8837961161425272
3023,0.4645013211276725
3031,0.7836053270564807
3035,0.43972490496609457
3039,0.8270510956177042
3045,1.4164038373980568
3048,0.8190134158154815
3052,0.5323425819975551
3055,0.9423861940146638
3056,0.7894228572503437
3058,0.388007166637659
3068,0.9822195078320234
3069,1.0083413508022596
3070,1.1456704638269337
3072,0.9426860151918103
3073,0.8912470787863676
3074,1.0831287444580515
3075,0.7932846232691407
3077,1.0002979508623933
3080,0.42466800731031307
3091,1.1653227820312162
3102,0.4639850116329481
3106,0.43021853928438464
3116,0.7793190181909139
3123,0.3810975170794664
3124,0.7566382273603419
3126,0.8837551745526682
3130,0.7491960360216599
3137,0.41538029892275424
3139,0.16815085776256095
3146,0.9701307502693397
3147,0.8341731110303664
3152,0.6872143549778444
3160,0.673807433764684
3166,0.530488891057531
3168,0.7135367919342683
3170,0.6420395583510522
3172,0.8379242072752112
3173,1.1809480499201592
3176,0.24985304876617268
3177,0.22783435913799974
3197,0.6474045124048294
3200,0.8402399524991625
3201,0.8436879318905275
3204,0.8326196908997394
3206,0.9267940837381603
3210,0.6043087971163993
3219,0.27897347436629594
3220,0.5704715690152288
3229,0.3132562562095838
3232,0.9907089885172053
3235,0.3414721965840756
3236,0.5554146713594473
3239,0.13217919366627323
3240,0.1527866232961263
3249,0.6174678398351097
3257,0.7983332774810841
3260,1.089539239582433
3262,0.8907049389139448
3264,0.1527866232961263
3267,0.5892518994606178
3268,0.4890449962651795
3272,0.6888005980658268
3278,0.9151851654737435
3286,0.6177171511100426
3290,0.10902005602812276
3291,0.5271987309849555
3292,0.9318836795399623
3293,0.6853526186744618
3296,0.27342294239222437
3305,0.6666430439816798
3308,0.5665780358817464
3309,0.5982729910830488
3315,0.27342294239222437
3319,0.3040296524347348
3320,0.6003445082303098
3326,0.9284357001485977
3330,0.8552968501549439
3333,0.3638790619431556
3334,1.04851723463935
3337,0.8547805406602195
3341,0.6511321374053297
3342,0.7079862599601967
3343,0.6082023302498817
3345,0.741588256956261
3346,0.7172658497152516
3347,0.2909928835818114
3355,0.7793190181909139
3358,0.2940303720220774
3359,0.27342294239222437
3361,1.0384001243541365
3362,0.919149454359833
3364,0.16594566601483676
3365,0.5760221009893004
3367,0.7194274071957809
3369,0.7793190181909139
3374,0.8341731110303664
3386,0.33011258959459217
3389,0.14665746822191536
3390,0.6666430439816798
3395,0.6173033644826105
3403,0.7626758774471503
3410,0.6323602621383919
3411,0.6700910233730448
3413,0.4911165134124409
3417,0.762238412519225
3419,0.8492300086861478
3425,0.13772972564034477
3426,0.1714961979889083
3429,0.41717973465198116
3433,0.5082398450172406
3436,0.9151851654737435
3445,0.13217919366627323
3447,0.8043329947726406
3448,0.8758681611511084
3454,0.6423595425510494
3461,0.3470227285581472
3468,0.8136018000342018
3470,0.27897347436629594
3475,0.4911165134124409
3482,0.6848986097538932
3484,0.5515211382259649
3491,1.221941212625883
3492,0.27897347436629594
3496,0.3998070917722483
3500,0.7291067034084412
3514,0.1527866232961263
3524,0.9117247035483544
3526,0.8228201600745925
3527,0.874006424847726
3528,0.5799863898753899
3532,0.8944836498797398
3534,0.7647784300298569
3535,0.6853526186744618
3539,0.8547805406602195
3540,0.6284513465747577
3555,0.6944134306140543
3563,0.14887770773249204
3569,0.40803294182180244
3572,0.8564221570706568
3575,0.741588256956261
3584,0.5665780358817464
3588,0.8302795778968839
3597,0.8587448295463089
3598,0.6206805750901094
3601,0.542255628640737
3612,0.8267290756382267
3614,0.5191553310450895
3615,0.10902005602812276
3618,0.7759264121220041
3625,0.542255628640737
3655,0.3810975170794664
3661,0.49275812982287825
3665,0.7647784300298569
3666,0.16594566601483676
3675,0.6474045124048294
3683,1.0698869213781503
3685,0.2736202407020787
3688,0.7253589028399294
3690,1.0166744449491347
3697,0.5665780358817464
3710,0.24289125679378124
3716,0.71171531774118
3727,0.7537101890390688
3738,0.4911165134124409
3745,0.20392573852442245
3749,1.0769187529341364
3754,0.9797949352698391
3776,0.27897347436629594
3778,1.117763635135376
3784,0.7471941622527878
3786,0.542255628640737
3788,0.1714961979889083
3791,0.7325897455908246
3803,0.6717326397834822
3809,0.9342063520156144
3811,0.2940303720220774
3817,0.5760774743117556
3820,0.8489079887066706
3824,0.8265270190532454
3826,0.5253972594762493
3829,-0.06599220082587173
3831,0.7829612870975259
3832,0.7958382635683251
3836,0.011075663818859922
3845,0.6697690033935677
3846,0.43800683454252937
3848,0.6511616034791288
3849,0.4490994433122218
3857,0.32481455083857125
3859,0.4864801512740812
3861,0.538071842642463
3867,0.6981578742990097
3876,0.17151755697320542
3877,0.4113686820775688
3878,0.16201119129149547
3883,0.3854600317485774
3885,0.44751320022423924
3889,0.431617698402445
3890,0.46605829956452244
3891,0.594294833534918
3913,0.41697458737409565
3920,0.9364713441713403
3922,0.22820720417557325
3930,0.17093893387306605
3931,0.7452305258628733
3934,0.9848378693441393
3941,0.6420375225715723
3942,0.06583971632504462
3945,0.48111519722030394
3950,-0.08154201321260071
3951,0.1870673693599344
3959,-0.003981233836921593
3960,-0.07599148123852914
3962,-0.06617777874616601
3972,0.9697809716883578
3982,0.3759536660668675
3984,0.6173951311305653
3986,0.17316280495901046
3988,0.6361670063975031
3989,0.7739627757320896
3990,0.5979509711035713
3991,0.5153979790635919
3995,0.05268067360633415
3997,0.5000774435453951
4000,0.5695494528087851
4002,0.15594434982269964
4007,0.391010563722649
4010,0.49865231545253536
4012,0.7378182575854191
4013,0.3831720262837382
4019,0.23769017509350632
4028,-0.09104837889431067
4032,0.5375555331477384
4035,0.5170395954740291
4038,0.3776022097290054
4040,0.7965341164436682
4042,0.40027607330787685
4046,0.7019492326541487
4054,0.5245609657815272
4065,0.934589144328482
4073,0.2623384088777857
4074,0.02025113307081994
4084,0.14442692351442643
4106,0.5148816695688673
4108,0.0765892942199114
4109,-0.07599148123852914
4110,0.8921892819153948
4111,0.49982477191308583
4112,0.6173951311305653
4113,-0.042225008889965616
4115,0.07355180577964548
4119,0.3704031340927959
4123,0.7074997646282203
4129,0.5165232859793046
4131,0.011540838790695325
4133,0.0031831747884752282
4138,0.7429078533872211
4143,0.4299760819920077
4146,0.4299760819920077
4151,0.005990306816623762
4161,0.02025113307081994
4163,0.3776022097290054
4166,0.22985245216137823
4168,0.49427423993901426
4171,0.33987144849435275
4180,0.12772840944820762
4185,0.14278530710398912
4189,0.7035354757421312
4190,0.09025031984586429
4191,0.5148816695688673
4197,0.03530803072660146
4201,-0.004587596696173005
4208,0.46605829956452244
4213,0.2623384088777857
4219,0.8689840408136797
4221,0.6884785780863497
4226,0.0015415583780379345
4233,0.5132954264808849
4241,-0.09104837889431067
4245,0.7795133077061612
4256,0.12592897371898076
4261,0.4469345771240999
4262,0.7132147719547911
4268,0.13419728668965172
4274,0.08305817146135544
4278,0.05268067360633415
4279,0.4772062816566697
4280,0.7094167392906329
4289,0.48111519722030394
4291,0.6280739532728253
4294,0.5213261790314068
4301,0.6697690033935677
4308,0.4642588638352956
4310,0.8167277594460893
4312,0.5526124308035198
4315,0.5491644514121552
4321,0.5510261877155377
4325,0.4641494137163023
4326,0.14278530710398912
4327,0.13723477512991758
4328,0.12772840944820762
4329,0.40374663295623575
4341,0.1016454722883503
4343,0.3963117844217873
4349,0.49865231545253536
4350,0.0015415583780379345
4357,0.12772840944820762
4359,0.4607050659003052
4362,0.08860870343542701
4364,-0.019065871251815147
4366,0.3926521801330863
4369,-0.004008973596033628
4376,0.594294833534918
4380,0.6336798585693522
4381,0.4530637321983108
4383,-0.07599148123852914
4388,0.4149191843362262
4395,0.8881101708616184
4396,0.5792505832684804
4407,-0.042225008889965616
4414,0.5241471791540951
4415,-0.013515339277743585
4416,0.707487117238876
4419,0.02025113307081994
4425,0.5148816695688673
4427,0.6889948875810742
4432,-0.019065871251815147
4433,0.46605829956452244
4435,0.6697690033935677
4440,0.6697563560042235
4441,0.08609565990162135
4443,0.17027950426216643
4446,0.8730532732058369
4454,0.6888923647137818
4462,0.43319007339588744
4474,0.6723560155287708
4481,0.08860870343542701
4484,0.8591439330049171
4489,0.3760151521342406
4491,0.34151306490479005
4492,0.5002939318629727
4505,0.12592897371898076
4510,0.03207324397648108
4520,0.44190036767601193
4521,0.49982477191308583
4522,0.46605829956452244
4529,-0.05728190654574713
4531,0.2623384088777857
4532,0.33987144849435275
4557,0.4396144366148086
4561,0.4827101519032388
4562,0.5104805385356131
4564,0.2690390734719146
4566,-0.22723654615661787
4571,0.5507041677360603
4581,0.556254699710132
4584,0.8918672619359175
4585,0.4350190160663073
4590,0.42437196103873276
4594,0.4131894767910928
4595,0.14882410519434985
4596,0.3018186672802225
4598,0.4621857773263876
4601,0.4396144366148086
4604,0.7317214333451895
4605,0.7803165946423963
4610,0.3906885437431713
4618,0.26243936238343163
4619,0.437684814563052
4620,0.11109334395969686
4623,0.66944698341409
4628,0.2735319711531236
4635,0.22635714481091693
4645,-0.014010289788171272
4652,0.5167175754945514
4654,0.1735694859204824
4655,0.5507041677360603
4656,0.3244925308590936
4657,-0.2085269714638359
4661,-0.04037298885488961
4662,0.025306714534463804
4663,-0.14970350654005088
4665,0.42992249301280433
4670,0.3675882461475238
4671,0.37892180615996535
4672,0.5242389458020499
4675,-0.023516655469881225
4676,0.23239213633748482
4678,0.5242389458020499
4681,-0.14970350654005088
4684,0.3298701323022151
4687,-0.14970350654005088
4697,0.7335873220423071
4705,0.3525439958810866
4707,0.32430695293879924
4714,0.31301379891720676
4715,0.3586023821714314
4717,-0.00845975781409971
4721,-0.04088929834961392
4725,0.49005868682605447
4726,0.025306714534463804
4730,0.5528067203187671
4732,0.3298701323022151
4734,0.33747791136761396
4735,0.2397654988045602
4741,0.3490960164897215
4750,0.4530616964188311
4757,0.22635714481091693
4760,0.4430624160061737
4765,-0.00845975781409971
4767,-0.0885651108990973
4769,0.2978543783941329
4770,0.010766126373406624
4773,-0.006818141403662416
4775,-0.22723654615661787
4779,0.3490960164897215
4783,0.9685499061922925
4787,0.1735694859204824
4794,0.47682888835473713
4796,0.44332941422596484
4797,0.21130024715513543
4801,0.47682888835473713
4806,0.37686640312209596
4808,0.5844706400846238
4814,0.816405739466612
4820,0.055838400132907015
4825,0.358023759071292
4828,0.4224549863763206
4840,-0.15525403851412242
4844,0.613211345132291
4845,0.37008111411331823
4846,0.36295706292117613
4851,0.5659339959227918
4862,0.5810226606932588
4864,0.3298701323022151
4871,0.39236885451999487
4872,0.5905374815534199
4874,-0.00845975781409971
4877,-0.1159370341914874
4878,0.3018186672802225
4886,0.11453178549701454
4888,0.010766126373406624
4893,-0.00845975781409971
4900,0.46573627958504477
4921,0.4372917641391567
4929,0.18862638357626393
4934,0.35446097054349873
4935,0.48443666742013547
4938,-0.09856439131175468
4949,0.027464640439625435
4951,0.29744059176670085
4952,0.025306714534463804
4955,0.397882536181138
4963,0.627751933293348
4977,0.25805210001221884
4984,0.38286248883828494
4987,-0.04592352082896118
4991,-0.014010289788171272
5001,0.02582302402918814
5002,0.5753780610303459
5011,0.47898681425989886
5012,0.28657619170414667
5015,0.42841930497782427
5018,-0.2085269714638359
5022,0.6327169912266584
5024,0.44304976861682926
5027,0.7032134557626535
5031,0.4396144366148086
5042,0.39236885451999487
5043,0.895831550822007
5044,0.18862638357626393
5048,0.5488424314326775
5054,0.6236728222395711
5055,0.5981142251833728
5056,0.6282682427880725
5059,0.23589125025173888
5065,-0.14970350654005088
5066,0.32431960032814355
5070,0.5941499362972836
5072,-0.0253160911991081
5078,0.2397654988045602
5083,-0.018151701416103953
5100,0.647827985400357
5101,-0.09856439131175468
5104,-0.014010289788171272
5106,0.4110466620980915
5107,0.365798162131308
5108,0.5444879621269257
5112,-0.023516655469881225
5117,0.6183078681857939
5118,0.2073359582690459
5120,0.45274171221883347
5124,0.1830758516021924
5128,0.40300898229586885
5132,0.21130024715513543
5134,-0.006818141403662416
5137,0.397882536181138
5139,0.2640879060455695
5141,0.66944698341409
5147,0.35419253954322444
5148,0.19026799998670121
5158,0.4456494281413768
5162,0.2787310170739189
5164,0.9617782524311516
5170,-0.059598873042395945
5171,0.2740871864582269
5176,0.36295706292117613
5180,0.4333704724041694
5181,0.46177199069895564
5182,0.27569352863365304
5188,0.467384823247183
5197,0.3902747571157392
5198,0.5789285632890031
5201,0.32431960032814355
5215,-0.1309939318472689
5216,0.6377512137060055
5217,0.48650818456739686
5220,0.2731804850998473
5221,0.3298701323022151
5223,0.37728018974952804
5226,0.18862638357626393
5227,0.5129734065014075
5233,0.5127532866084623
5239,0.37728018974952804
5240,0.7791912877266834
5242,0.0161310804271839
5243,0.7826392671180485
5245,0.3490960164897215
5247,-0.07034845093726272
5252,0.2640879060455695
5255,0.6564841831625643
5260,0.3395494285148751
5264,-0.1593954501420551
5269,0.616659324523656
5272,0.02582302402918814
5276,0.48607828383057283
5282,0.3298701323022151
5286,0.6650150503597954
5290,0.4110466620980915
5291,0.6603861714744981
5296,0.40352529179059327
5303,0.35419253954322444
5304,0.23421496683048865
5309,0.35446097054349873
5317,0.5731648386736873
5319,0.46228830019368006
5322,-0.15361242210368511
5324,-0.17031093616990395
5325,-0.1159370341914874
5329,0.6509421063669439
5330,0.9399947790649192
5333,0.778674978231959
5334,0.7393579739093239
5340,-0.12148756616555895
5342,-0.11917182094160778
5346,0.5900211720586954
5349,-0.029067187443952786
5350,0.2073359582690459
5355,0.5377498226629857
5360,-0.029067187443952786
5374,0.11453178549701454
5376,0.725887319341525
5377,0.46228830019368006
5389,-0.059598873042395945
5393,-0.14970350654005088
5395,0.3906885437431713
5396,0.2073359582690459
5397,0.66944698341409
5398,0.025306714534463804
5399,0.3689204899678278
5401,0.5746422544234364
5402,0.5198435349064392
5405,0.21799744502921664
5413,0.8230324959901189
5417,0.21635582861877936
5418,0.6299101338903211
5419,0.23902969219765077
5426,0.04738059907083289
5429,-0.37848161107470624
5431,0.2129078492274146
5432,0.28260235140507095
5436,0.4427403960266964
5439,0.11887783265404905
5440,-0.37848161107470624
5455,-0.3740328626361204
5456,0.06956154791875652
5468,0.0829699019124002
5469,-0.3597720363819243
5472,-0.3064991034322107
5473,0.11673637426096375
5475,0.2916317731677906
5481,-0.37848161107470624
5482,0.17862506738412676
5490,-0.30094857145813914
5494,0.24667432157597813
5499,0.6739711873548899
5504,0.15057360236213374
5513,-0.37848161107470624
5528,0.16398195635577736
5535,0.5126513865219303
5542,0.17862506738412676
5543,0.24667432157597813
5546,0.08852043388647177
5547,0.1883043635967867
5552,-0.17656115611719633
5553,-0.3064991034322107
5557,-0.159704822732188
5558,0.29181735108808493
5566,0.28785306220199586
5567,-0.2822389967653572
5576,-0.17476172038796953
5583,0.11673637426096375
5585,-0.3347158583134854
5590,0.1445377963287832
5594,-0.37848161107470624
5602,0.5142930029323676
5603,0.14850208521487224
5610,0.06723887544310475
5620,0.2115264200827931
5623,0.15057360236213374
5641,0.41156093581333575
5647,0.28785306220199586
5649,0.15552476978847887
5660,0.42809728499834704
5661,0.3903665237636941
5668,0.14850208521487224
5673,0.29180470369874095
5675,-0.30094857145813914
5676,0.18598169112113455
5682,0.1957483989889263
5686,0.2109782271756578
5689,-0.30094857145813914
5696,0.03738131865817549
5713,0.352221975901609
5715,0.5918570779843797
5717,0.10887855224139167
5724,-0.20084465754782682
5729,0.10893392556384685
5733,0.12070066314705283
5737,0.7239790562740652
5740,-0.37848161107470624
5741,0.12748595215583047
5750,0.18862434779678414
5758,-0.19213436326770222
5759,0.2899103092933227
5763,0.23506540331156137
5764,-0.16939676633419226
5776,0.3200332914625768
5777,0.0829699019124002
5780,-0.21084393796048417
5783,0.17003704696978927
5784,0.25614383694475923
5788,0.2109782271756578
5790,-0.1404789385446817
5792,-0.3160054691139207
5794,0.3672788735573905
5799,-0.14970554231953062
5807,0.1580176377542737
5808,0.17862506738412676
5812,-0.30094857145813914
5813,0.36331458467130134
5819,0.2677619420668671
5824,0.20171271759043
5826,0.2260351248314393
5838,0.4147206981193887
5840,0.29345896749852224
5851,0.23558171280628568
5852,0.16338259180805095
5861,0.23558171280628568
5863,-0.3064991034322107
5870,0.23558171280628568
5871,-0.21639446993455572
5872,0.19178411010283722
5878,0.4996970414488554
5888,-0.09504454303387891
5893,0.2066638850167751
5902,0.3277417493418101
5905,0.5235668725497792
5907,0.3295481123227379
5909,0.031830786684103926
5922,-0.18011495405218664
5926,-0.30094857145813914
5929,0.4010453459059539
5933,0.45241969223935613
5940,0.2828188397226486
5948,-0.159704822732188
5949,-0.24980945622984296
5955,-0.3064991034322107
5956,-0.30094857145813914
5959,0.46417950257086166
5962,-0.20920232155004687
5963,0.2862045185398577
5965,-0.37848161107470624
5966,0.40156165540067834
5968,0.5124312666289851
5969,-0.12542204088890016
5970,0.1883043635967867
5971,0.6601264520691761
5972,-0.30094857145813914
5974,0.34877399651024427
5975,0.3261001329313728
5977,0.3274639477861321
5981,0.5559326797306544
5983,0.5936634409653073
5986,0.27162370808566394
5988,0.1222869062350353
5990,0.11284284112748111
5997,0.09778594347169958
5998,-0.04015172095839154
6002,-0.3597720363819243
6008,0.03738131865817549
6010,-0.159704822732188
6013,-0.15525607429360216
6016,-0.3160054691139207
6031,-0.2671820991095757
6032,0.41072464211861426
6036,0.03738131865817549
6037,-0.39353850873048773
6038,0.33922740853539785
6041,0.32417051087961635
6046,0.031830786684103926
6047,0.0829699019124002
6058,0.161252424504394
6063,-0.37848161107470624
6065,-0.021442146265609547
6066,0.5107896502185477
6081,0.19785095157163307
6085,0.2129078492274146
6086,0.18434007471069727
6088,-0.21084393796048417
6090,0.4670628032677058
6093,-0.2704168858596961
6095,-0.28778952873942876
6098,0.35427737893947875
6099,0.2506386104620672
6104,0.0957144263244381
6105,0.12284212154013849
6111,0.5559326797306544
6115,0.4747005053943321
6116,0.3903665237636941
6122,0.17862506738412676
6131,0.14660931347604467
6135,0.43718986405262483
6136,0.561233900429793
6140,-0.21084393796048417
6141,0.25980159718000273
6142,0.2129078492274146
6143,-0.17476172038796953
6144,0.17862506738412676
6145,0.3395473927353953
6151,0.19733464207690876
6152,-0.30094857145813914
6154,0.19553520634768184
6161,-0.30094857145813914
6162,0.26376588606609225
6169,0.18026668379456404
6170,0.3674433489098897
6173,-0.12593835038362447
6181,0.43469699608683005
6184,0.2129078492274146
6185,0.11058574605992536
6187,0.06907627385947757
6192,0.3617283415833189
6194,-0.07949473064714999
6200,0.5374278026835084
6202,0.4709563364011883
6203,0.06559725903266744
6204,0.03134551262482457
6212,0.3859884482501724
6213,0.020252903855132464
6215,-0.3106405150601435
6217,0.09778594347169958
6218,0.19159780050330247
6221,0.5805235179719381
6226,0.5239169258225722
6227,0.6973409038091045
6228,0.07304056274556664
6229,-0.1122629981701897
6236,0.03530980151091398
6237,-0.2822389967653572
6238,0.7114818286965977
6245,0.389952737136262
6250,0.24474469952422126
6252,0.2823025302279243
6254,0.5412895687023048
6258,0.5142376296099124
6260,0.5485204114532003
6262,-0.2259008356162657
6274,0.25773008003274156
6281,0.03738131865817549
6285,0.161252424504394
6288,0.3355831038493058
6300,0.14850208521487224
6302,0.3864022348776049
6307,-0.12542204088890016
6308,0.3110432352755913
6311,-0.37683999466426893
6317,0.5859291527083743
6328,0.3236755603691877
6331,0.044290141429592186
6333,0.11280189953762113
6335,0.28429625547239656
6343,0.03309500979260751
6344,0.3011746273212663
6349,-0.32600678530605914
6353,0.11789149533942314
6355,0.022002401022915067
6359,-0.09515417156713216
6367,0.24448641289938158
6368,0.38660300494809674
6369,0.08016073410477056
6370,0.06923952793927796
6373,0.2160338086393008
6382,-0.09674041465511465
6385,0.09191339151814909
6386,-0.0445313788648199
6387,-0.018958878270397023
6389,-0.45219363637622884
6394,0.3688738282403244
6411,-0.2922403129574957
6413,0.29149533110860637
6417,0.11210703452057003
6423,-0.08009727391135066
6425,0.29149533110860637
6444,-0.29779084493156727
6449,0.5096692544964331
6455,-0.01018628341611701
6460,0.16930453603921147
6467,0.0954292566578884
6470,-0.11386374625991419
6476,-0.0006714625559560133
6479,0.14057228616999518
6480,0.4993750214693768
6486,-0.4561025519398631
6487,0.25376456987395335
6493,-0.24845116543249787
6497,0.10648501511465161
6499,0.061662784309324876
6501,-0.1760325514100465
6503,-0.4943185872337951
6505,-0.1813975054638238
6507,-0.02499386979696535
6511,0.021829470491965458
6512,0.056112252335253306
6521,0.13157377480455854
6522,0.02738000246603702
6532,0.017688058864032782
6534,-0.06272463103161796
6536,-0.45055201996579153
6538,-0.33749816463729027
6541,0.03737928287869443
6550,0.20669191831009012
6561,-0.5297266759927959
6564,0.45954170765201735
6569,-0.13517398112506232
6577,-0.028402943377951566
6579,-0.4577441683503004
6583,0.056112252335253306
6587,0.10887651646191054
6592,0.06511076370068963
6603,-0.4334840616834469
6607,0.2880473517172413
6613,0.0009701538544812804
6626,-0.04236651267669805
6647,-0.4561025519398631
6650,0.12188183120255427
6657,0.20030278217000538
6663,-0.029309644736330763
6672,0.3769561339905693
6677,-0.4577441683503004
6678,0.010523669081028647
6681,-0.4577441683503004
6683,-0.4577441683503004
6685,-0.0856478058854222
6689,-0.4577441683503004
6691,-0.0724165746336222
6692,-0.048094167392613206
6699,0.20862154036184657
6709,-0.4577441683503004
6719,-0.0682751630056895
6731,-0.4577441683503004
6738,0.1312941291954231
6739,0.02738000246603702
6740,-0.07449136861482428
6746,0.010523669081028647
6751,0.05418263028349646
6755,-0.37714590053435537
6756,0.046605886653543364
6757,0.0838826389676274
6768,0.14221390258043248
6779,0.23294394760285594
6780,-0.04047374093787045
6782,0.39913708283849336
6783,0.1729254459615266
6787,0.3236755603691877
6788,-0.2922403129574957
6795,0.050053866044908114
6799,0.02738000246603702
6804,0.02738000246603702
6811,0.6606948223023369
6813,-0.4426595309354069
6814,0.006772572836183946
6816,0.10300600028784154
6824,-0.29779084493156727
6825,-0.4618855799782331
6826,-0.46725053403201033
6827,-0.4184271640276654
6835,0.04825443031568126
6845,0.21258582924793568
6851,-0.1289206439156957
6852,0.3011746273212663
6858,-0.008293511677289086
6862,0.02738000246603702
6866,0.03498778153143506
6867,0.046605886653543364
6868,-0.012836423663517867
6880,0.03705929867869658
6883,0.02738000246603702
6899,0.25947957720052417
6901,0.05956023172661806
6902,0.06511076370068963
6907,0.02738000246603702
6914,0.1840180547312187
6916,0.2729433045166227
6917,-0.447744887937643
6932,0.06702773836310214
6936,0.4400957035715657
6947,0.04593175784002948
6949,0.046605886653543364
6950,0.13502175419592363
6954,-0.27502548939655247
6971,0.49885871197465237
6973,0.17485506801328302
6974,0.09539240634495952
6982,0.41468689522522234
6983,-0.023759112762259203
6998,0.16653630982144182
7006,0.3218138240658048
7008,0.02000663999896173
7030,-0.10070470354120373
7036,-0.0856478058854222
7037,-0.45219363637622884
7038,0.20262545464565718
7043,0.5235949058430936
7051,0.4207993780334844
7053,0.16934487463007317
7059,0.015888623134805935
7060,0.427361478391436
7062,-0.2922403129574957
7067,0.9016199778713105
7070,0.09729099296127067
7076,0.2160338086393008
7078,0.5160735355355957
7079,-0.5352772079668675
7084,0.07479005991334953
7090,0.1407367615224942
7091,0.08970160194197324
7093,0.4624944281542264
7100,0.13500910680657938
7104,-0.11222212984947688
7108,-0.044015056338835935
7111,0.11068669956557001
7112,-0.0027429797032175233
7115,0.012165285491465954
7117,-0.4184271640276654
7127,0.18249640171527742
7133,-0.09849951179347952
7136,0.28917265863295416
7138,-0.30095060723762024
7145,0.11280189953762113
7146,-0.36763953485264544
7151,-0.27502548939655247
7163,0.044917120698268614
7171,-0.4334840616834469
7173,-0.08781267207354407
7187,0.5178798985165229
7193,0.3292260923432593
7195,-0.45219363637622884
7201,0.2539290452264526
7208,-0.02054512135837951
7211,-0.006707268589306944
7213,-0.3428631186910675
7221,0.30145570571088487
7223,-0.029309644736330763
7233,0.26494705412159375
7235,-0.10070470354120373
7236,0.1896239600277454
7244,-0.023759112762259203
7245,0.319534148741255
7248,-0.04047374093787045
7249,-0.11386374625991419
7252,-0.11593526340717603
7261,-0.20517316790010665
7271,0.5838266001256677
7272,-0.07820450217252306
7275,-0.5447835736485774
7292,-0.2047041863644788
7295,0.27821051087760335
7300,0.006934280729962618
7302,-0.1141857662393918
7304,-0.5194632228708737
7312,-0.42627055431464134
7314,-0.006544014509505185
7325,0.0270579824865594
7329,0.17962264383560786
7330,0.0665948354841486
7334,0.18766032363783053
7336,-0.2313423388294393
7340,-0.6034387012943178
7341,-0.03872424377008623
7351,-0.2727308602993359
7356,-0.06922416225384354
7360,-0.3049110895599169
7364,-0.07642323789005334
7372,-0.1900610753361294
7373,-0.2651088111780029
7383,-0.1480229943405617
7385,-0.41090268827283893
7394,-0.05701165948452759
7398,-0.05185151937411087
7401,-0.46219495256836657
7408,-0.07645500500473917
7409,0.24444403852903984
7410,-0.40105655692741277
7417,0.20829952038236896
7418,-0.3049110895599169
7419,-0.18055470965441942
7429,0.2013505164386953
7444,-0.12386506245205167
7450,0.34761364705656367
7454,-0.008615531656766356
7459,-0.5902796585756074
7462,-0.0727259472237555
7466,-0.46219495256836657
7469,-0.018085047025547387
7478,-0.5163715562369285
7493,-0.03872424377008623
7502,-0.6809717409108846
7504,-0.08200553697881074
7511,-0.2313423388294393
7512,0.04741610084147931
7515,-0.5847291266015358
7520,0.16863913709595993
7523,-0.5596729485330968
7524,-0.4485196003549317
7527,0.27611641347334753
7544,-0.22408461303683444
7554,0.4758628284163037
7555,0.09696897298179341
7559,-0.09513281258283535
7560,0.031124446150992
7564,0.41476235072743634
7569,0.20829952038236896
7571,0.5239903455453053
7579,0.15947615037802387
7583,-0.06525987336775446
7584,0.13628597730442849
7586,0.08911115096222136
7598,0.10251950495586495
7605,0.20006781272545163
7612,-0.47956759544809924
7614,-0.14638137793012443
7615,-0.1957764437829082
7616,-0.010685426137437868
7618,-0.12386506245205167
7620,-0.22737804994334987
7623,0.10268398030836426
7627,-0.1253571613706254
7630,0.12164286627607912
7631,-0.19171880585595882
7632,-0.0895822806087638
7636,-0.030866421750514524
7643,0.17798102742517058
7644,-0.6184955989500992
7647,0.07794778643992245
7650,-0.2651088111780029
7651,-0.24798547957320294
7653,0.060144913105519976
7657,-0.6089892332683894
7658,-0.010672778748093546
7667,0.19278861380601928
7676,-0.042688532656175664
7677,-0.027529112133101937
7683,0.2816584902689681
7689,0.023093693600469974
7703,0.24947826100838708
7705,-0.08613430121739873
7710,-0.6709724604982271
7712,-0.46219495256836657
7722,-0.1745973183046164
7729,-0.0442747757441578
7731,-0.05236782886883523
7733,-0.13910753802812745
7735,-0.2748007547800071
7741,-0.3104616215339885
7746,-0.1294155944261232
7750,-0.1141857662393918
7751,-0.2651088111780029
7757,-0.4828023821982196
7759,0.39140279458156146
7772,-0.07645500500473917
7773,-0.09954265521104233
7785,-0.11625728338665328
7789,0.13628597730442849
7801,0.08169888268476716
7806,0.0252516195056316
7809,0.3441656676651989
7818,0.1573735977953175
7819,-0.05236782886883523
7823,-0.2139696959497066
7825,-0.12942824181546755
7828,0.08401462790871836
7829,-0.6034387012943178
7831,-0.3049110895599169
7834,0.10416112136630226
7835,-0.44348537787558445
7840,-0.11941631401346584
7842,-0.6240461309241708
7846,0.37607889870598876
7850,0.19278861380601928
7851,-0.12386506245205167
7856,-0.19190438377625307
7865,0.4107980618413469
7871,-0.06181189397638979
7886,0.1217453891433713
7891,0.17798102742517058
7893,0.23324890689205524
7895,0.12732637174937075
7898,0.08356061898814979
7902,-0.10077741224574852
7907,-0.6017970848838804
7909,-0.11625728338665328
7915,0.20065489100404202
7916,-0.042688532656175664
7917,-0.0442747757441578
7929,-0.41475312800636815
7931,-0.5283909654524442
7937,-0.18964728870869726
7938,-0.41475312800636815
7940,-0.18964728870869726
7941,-0.13892196010783317
7945,-0.4521956721557091
7946,0.0270579824865594
7955,-0.12386506245205167
7956,0.15778738442274964
7960,-0.6184955989500992
7961,0.24603028161702195
7962,-0.46034171126059287
7967,-0.1035069440971314
7968,0.05014563269286257
7978,-0.08009930969083073
7979,-0.6809717409108846
7987,-0.15191652747404472
7991,-0.4828023821982196
8000,0.5733230977926738
8004,-0.2651088111780029
8006,0.21571178865982354
8007,-0.42627055431464134
8011,-0.15191652747404472
8014,-0.03872424377008623
8029,0.09282756135386072
8036,0.1379275937148658
8037,-0.6809717409108846
8042,-0.02408113274173682
8043,-0.15398804462130622
8047,-0.1717901862764678
8053,0.24392772903431553
8057,-0.2801657088337844
8065,-0.01622331072216511
8068,0.5239903455453053
8075,-0.048135108982471884
8078,0.5939013360405392
8093,-0.6034387012943178
8094,0.21829880079502634
8097,0.2814813675271249
8103,0.11964283656066446
8107,-0.06736242595046135
8110,-0.6240461309241708
8115,-0.12386506245205167
8119,0.10019683248021283
8120,-0.05236782886883523
8122,-0.10137677679347454
8132,-0.08813469205302168
8134,-0.13479319586924485
8136,-0.24639923648522083
8148,-0.14072139583706003
8163,-0.01622331072216511
8165,0.17243049545109904
8177,-0.28571624080785596
8182,0.08746260730008346
8185,-0.2651088111780029
8192,-0.4790512859533749
8199,0.13469973421644602
8200,-0.19361157759478634
8208,-0.2801657088337844
8213,-0.1141857662393918
8216,-0.10531330707805922
8222,0.16292412976938905
8223,-0.5847291266015358
8234,0.23493767284732986
8243,-0.48460181792744644
8251,0.4367620854927935
8254,-0.47368633189959763
8256,0.11178501454109277
8259,0.2850441560549181
8267,-0.1292426638951733
8271,-0.02556520105137579
8272,0.17407211186153632
8273,-0.2651088111780029
8274,-0.3088753784460063
8279,0.227313779672539
8283,0.24947826100838708
8284,0.2872090222430397
8285,-0.7015791705407377
8302,0.09510723667841078
8304,0.09855521606977552
8306,0.08401462790871836
8309,0.16828908382316632
8315,-0.4279121707250787
8317,-0.27511012737014
8327,0.06446672374173476
8345,-0.04845856174243227
8352,-0.37258812333487035
8360,-0.062133913955867044
8362,0.27183010460778084
8363,-0.11841670178250366
8365,-0.39764430140330925
8367,-0.29196646075514837
8369,-0.7546837662124061
8370,-0.3881379357215993
8371,-0.636425505945674
8373,-0.24082734552685214
8374,-0.3559492512825671
8378,-0.18443415914425496
8384,-0.6208133799535301
8387,-0.22770006992282749
8390,-0.2806606593442116
8394,-0.3806946320087001
8395,-0.044276811523637945
8396,0.2954773951769837
8400,0.2507978574393467
8401,-0.21429171592918422
8402,0.06446672374173476
8405,-0.0009955183149134086
8407,-0.27511012737014
8411,-0.0052797914009999935
8413,-0.025637909755920223
8419,0.2058749478201853
8420,-0.3075396679056543
8425,-0.22770006992282749
8428,-0.7446844857997486
8431,-0.25798679576534045
8442,-0.2940690133378552
8448,0.21095783562605125
8449,-0.7602342981864777
8455,-0.8305751894185357
8458,0.14728486994804846
8467,-0.22233511586905022
8468,-0.8135072311361911
8478,-0.014959087613660254
8479,0.1376055737353885
8483,-0.10151321885265788
8485,-0.19964860490083441
8490,-0.1970615927656313
8496,-0.7602342981864777
8498,0.04940982608595324
8500,-0.27511012737014
8504,-0.20934054850283867
8505,-0.23739201352483175
8510,0.40639693080809275
8520,-0.19800698849039713
8522,-0.39764430140330925
8533,-0.014959087613660254
8540,0.48413120135024773
8547,-0.17713256064075286
8560,-0.7035446509841099
8569,-0.16746837564025338
8580,-0.27511012737014
8583,0.17617493913605434
8591,-0.2940690133378552
8594,-0.6208133799535301
8598,-0.0033870196621723957
8603,0.2079775004028917
8611,-0.32624924259843624
8617,0.2853007591755798
8622,-0.09201950056029223
8624,-0.06445658643151916
8635,-0.7546837662124061
8636,-0.2693951200435695
8637,-0.15778907942759351
8642,0.10219748497638767
8643,-0.4219044080701628
8644,-0.02027295570214295
8648,0.0813768627052899
8662,-0.6645791327147511
8670,0.21538976868034593
8672,-0.08645632119687635
8675,0.2972837581579111
8676,0.20077842476668228
8677,-0.4163538760960912
8689,-0.12418708243152926
8690,-0.4561561544780056
8691,-0.5965298785228997
8698,-0.6284969151422364
8702,-0.12995773429854576
8703,-0.0639402769367948
8705,-0.7546837662124061
8712,-0.27552427511778044
8716,-0.1787741770511902
8717,-0.18996930868817488
8718,-0.39575152966448157
8719,-0.07719081161164856
8721,-0.8045794885546205
8724,-0.38258740374752775
8731,-0.16933011194363604
8736,-0.2957175569999931
8746,-0.6302963508714632
8749,-0.19393359757426396
8756,-0.08645632119687635
8757,-0.014442778118935943
8761,-0.560447660950385
8762,0.31440708976271087
8763,0.09527697131345891
8772,0.14778606823061238
8773,-0.6903856082653995
8774,-0.24082734552685214
8780,-0.4163538760960912
8781,0.14156986262147758
8783,-0.2957175569999931
8784,-0.2734685109597027
8786,-0.10331265458188468
8792,-0.5659981929244566
8793,-0.04301055263565292
8799,-0.560447660950385
8800,-0.8322168058289731
8809,-0.17929048654591453
8814,-0.41190512765750537
8816,-0.579157235643167
8824,0.2058749478201853
8826,-0.2429298981095589
8829,-0.579157235643167
8832,-0.6514200899960407
8834,-0.23737936613548735
8835,-0.30316159239213303
8837,-0.06558189334723208
8844,-0.6189905494605266
8846,-0.20355752046446868
8851,0.14156986262147758
8859,0.054774780139730514
8861,-0.3408923536267856
8862,-0.3087121243662046
8865,-0.6742710763167553
8868,-0.24082734552685214
8871,0.04544553719986381
8873,-0.22770006992282749
8884,-0.6134400174864549
8892,-0.5865305981102422
8898,-0.7585926817760403
8902,-0.6645791327147511
8906,-0.30316159239213303
8908,-0.08990430058824142
8909,-0.8322168058289731
8913,-0.3237690220219861
8915,0.20643016312528845
8916,-0.1732390275072703
8917,-0.09786972867334856
8922,-0.041117780896824975
8925,-0.2806606593442116
8930,-0.2693951200435695
8934,-0.1809390302080524
8938,-0.7752911958422591
8940,0.09043074739318135
8949,-0.3408923536267856
8951,0.39383290111810604
8953,-0.7546837662124061
8958,-0.24082734552685214
8962,-0.3806946320087001
8973,-0.10331265458188468
8976,-0.014959087613660254
8982,-0.010994798727570799
8986,-0.2749456520176411
8987,0.13251597793358613
8989,-0.16006460235840822
8991,-0.42238968212944217
8993,-0.6284969151422364
9001,-0.29751699272921994
9009,-0.18996930868817488
9015,0.17188835557867635
9016,0.0987495055850226
9020,-0.6701296646888227
9023,0.04178593291116275
9024,0.059089122298613156
9027,-0.2651108469574826
9028,-0.4031948333773808
9033,0.028377578917519092
9038,-0.3408923536267856
9042,-0.062133913955867044
9048,0.04873569727243936
9055,-0.25475200901522016
9062,-0.4163538760960912
9068,0.09823319609029826
9069,-0.6645791327147511
9070,-0.30919739842548394
9072,-0.19039920942499913
9073,-0.6208133799535301
9075,-0.5432292058140742
9076,-0.5852863907173779
9077,-0.32029000719517603
9079,-0.6134400174864549
9080,-0.6453532485272446
9082,-0.2709813631315521
9089,-0.056137828239677896
9100,-0.1281513713176183
9101,-0.30316159239213303
9108,-0.37862311486143857
9113,-0.09386858947433047
9117,-0.1297376144056008
9126,0.2834390228721973
9132,-0.4219044080701628
9135,-0.3379289296467188
9137,-0.02440315272121443
9141,-0.2734685109597027
9148,-0.1716097872681861
9153,-0.23737936613548735
9159,-0.09986467519051995
9170,-0.1558828521396135
9172,-0.699095902545524
9173,-0.32624924259843624
9176,-0.19393359757426396
9192,-0.8322168058289731
9194,0.08698276800181662
9200,-0.5796735451378915
9210,-0.6645791327147511
9225,-0.6134400174864549
9231,-0.044596795723635084
9233,-0.6284969151422364
9237,0.09250554137438344
9239,-0.2070608731782887
9242,-0.062133913955867044
9247,0.19081805016440379
9248,-0.0750967142073927
9253,0.08714058732060617
9277,-0.4163538760960912
9281,-0.27511012737014
9283,-0.4219044080701628
9293,-0.25588424318263364
9297,-0.8305751894185357
9298,-0.1716097872681861
9304,-0.7546837662124061
9306,-0.23325060189689903
9309,-0.34296387077404744
9337,-0.2014549678817622
9341,-0.08645632119687635
9343,-0.23134437460891913
9346,-0.24689418699564808
9347,-0.2885184813637836
9351,-0.34296387077404744
9352,-0.020336689056781515
9359,-0.7546837662124061
9365,-0.10331265458188468
9367,0.06446672374173476
9368,-0.24134365502157654
9371,-0.27511012737014
9374,-0.7602342981864777
9377,-0.2654308311574805
9383,0.24269666353825017
9385,-0.11882212837775202
9398,-0.30316159239213303
9401,-0.19964860490083441
9405,0.013773162255556033
9411,-0.5315167234416653
9412,-0.28288126594000074
9419,-0.4170896827030009
9424,-0.9176085181787773
9430,-0.10199305815092505
9431,0.1782189225004038
9437,-0.4263551922882289
9439,-0.3206120271746537
9441,0.22546450459521736
9442,-0.35090631720826754
9453,-0.4071293081007225
9457,-0.3507291944664243
9460,-0.9734625903344042
9465,0.06649805971674025
9483,-0.7971146229400579
9484,-0.5882063706440332
9489,0.15996335672819031
9491,0.07454145965660622
9504,-0.7646850824045437
9506,-0.3131629085842702
9508,-0.49213741854487436
9513,0.2631952658298703
9517,-0.42387497171177824
9520,-0.06590391332670936
9522,-0.36430202381256643
9533,-0.03936828372904113
9542,0.07550431075174105
9543,-0.9834618707470617
9548,-0.398201565519152
9550,-0.8213747296069115
9560,-0.6074012193960941
9563,-0.35089366981892317
9581,-0.4054807644385843
9582,-0.9059288311304948
9585,-0.9059288311304948
9589,-0.12795708180237161
9590,-0.4187474132228303
9593,-0.086778341176354
9604,-0.11524359282577876
9611,-0.13402392327116747
9613,-0.1402401288803019
9619,-0.4437278351679616
9633,-0.9985187684028429
9638,-0.9209857287862763
9646,-0.9790131223084758
9654,-0.3904307940345037
9656,-0.48304483949059673
9663,-0.07336998718271037
9671,0.07867022389519457
9674,-0.2962527696207151
9675,-0.26575285113695774
9676,-0.7820577252842764
9677,-0.41103129641265584
9679,-0.3171271974703597
9694,-0.9042872147200575
9698,-0.870520742371494
9704,-0.39831637465558006
9707,-0.4432115256732373
9710,-0.13350761377644316
9711,0.026413942527604508
9713,-0.04904757994170107
9718,-0.3976229424190126
9723,-0.573728096088391
9737,-0.04904757994170107
9738,-0.24383054118917594
9739,-0.43190572426230045
9741,-0.4166758960755688
9755,-0.3129984332317714
9758,-0.9059288311304948
9766,-0.13027975427802344
9774,0.05161828480280195
9779,-0.4414120899440104
9781,-0.16620415253174856
9787,-0.2511097401086083
9790,-0.7815414157895519
9800,-0.45995718928429297
9801,-0.39831637465558006
9808,-0.3904307940345037
9811,-0.035007333868042924
9813,-0.16223986364565945
9814,-0.4414120899440104
9821,-0.1565248563190887
9825,-0.7546858019918862
9828,-0.1715817539748702
9833,-0.5797639021217417
9838,-0.26575285113695774
9839,-0.49610170743096366
9840,-0.4166758960755688
9849,-0.16223986364565945
9850,-0.12286748600056924
9857,-0.7702356143786153
9860,-0.08429812059990355
9861,0.2423746435587725
9864,-0.3849809408742669
9865,0.0472883703772491
9866,-0.47749430751652516
9868,-0.3115212921738329
9872,-0.19236284581491372
9880,-0.49049580213443705
9882,-0.3407299140537669
9888,-0.3131629085842702
9891,-0.40764561759544693
9900,-0.4925512051723066
9901,-0.43604713589023314
9904,-0.45995718928429297
9905,-0.43190572426230045
9907,-0.9114793631045665
9911,-0.9834618707470617
9917,-0.5675989410141802
9918,-0.015281107593137538
9919,-0.3018419959611733
9921,-0.34353704608191543
9928,-0.354302743399909
9935,-0.2974486208450424
9938,-0.44156990926279993
9946,0.1219515171039191
9947,-0.5675989410141802
9959,-0.3789451348409162
9963,-0.8526289729284517
9970,-0.40881807405599674
9972,-0.8158241976328399
9975,-0.4436724618455064
9992,0.016899121667443846
9993,-0.4222264280496404
9995,-0.01131681870704811
10005,-0.2928047902293504
10017,-0.26575285113695774
10019,-0.22412855676882243
10023,-0.613530374470305
10024,-0.5575996606015227
10030,0.37242326064773934
10031,-0.5016522394050352
10033,-0.1942556175537416
10034,-0.7702356143786153
10039,-0.4187474132228303
10043,-0.3507291944664243
10051,-0.16568784303702425
10072,-0.3773035184304789
10080,-0.47749430751652516
10084,-0.2752676719971187
10087,-0.5242983632247946
10101,-0.21857802479475089
10102,-0.17961250652539215
10105,-0.5337770953431614
10109,-0.38076660903400406
10110,-0.3617150116773634
10113,-0.4432115256732373
10116,-0.35485795870501236
10125,-0.582841416590256
10134,-0.20341860427167713
10141,-0.19029132866765217
10142,-0.07172837077227306
10147,-0.37336283575215906
10149,-0.5675989410141802
10152,-0.330535551464003
10156,-0.5238331882529592
10162,-0.4071293081007225
10164,-0.42064018496165795
10165,-0.49213741854487436
10178,-0.2661666377643898
10179,-0.7870919477636236
10181,-0.3090341443456822
10185,-0.46409860091222566
10186,-0.3786251506409184
10187,-0.08147712047721525
10195,-0.2928047902293504
10205,-0.47824460499873456
10208,-0.2888405013432612
10214,-0.6776179373471546
10216,-0.7309186100559802
10222,-0.5359039858128781
10226,-0.9114793631045665
10229,-0.3562712712620448
10240,-0.330535551464003
10242,-0.16223986364565945
10245,-0.292288480734626
10249,0.3346924994130867
10262,-0.3717142920900208
10266,-0.4527650408997841
10267,-0.09215594261947524
10269,-0.8158241976328399
10275,-0.26227310463090725
10282,-0.38845995570107694
10287,-0.9834618707470617
10288,-0.32657126257791386
10303,-0.43190572426230045
10308,-0.10018669516999723
10322,-0.48427959652530234
10323,-0.5715078565778144
10326,-0.17909619703066781
10329,-0.30348361237161064
10344,-0.3886244310535758
10348,-0.49610170743096366
10349,-0.5298681797795272
10350,-0.39258871993966543
10353,-0.12450910241100652
10356,-0.8158241976328399
10362,-0.5082678898112226
10375,-1.0384643213558016
10388,-0.6733710593525142
10389,-0.3792671548203934
10390,-0.18338250589623456
10391,-0.48126430688736754
10392,-0.4699585054764308
10397,-0.3813386719676549
10411,-0.13224339066793828
10418,-1.0384643213558016
10423,-0.9327864807076404
10434,-0.5241552082324364
10437,-0.6299741294693197
10449,-1.0571738960485833
10453,-0.19616388062120094
10457,-0.5155470887306555
10460,-1.1347069356651505
10462,-1.100940463316587
10463,-0.6700257191261669
10468,-0.44869368576313107
10469,-0.5699924781409191
10478,-1.0668658396505877
10483,-0.7243945379063406
10486,-0.594456590591326
10487,-0.2643945603396117
10489,-0.5301901997590047
10494,-0.5306039863864369
10498,-0.573471492967729
10505,-0.5928149741808887
10515,-0.4417341099234876
10516,-0.39449698300712494
10518,-0.2757541673290952
10521,-0.06702430904882223
10523,-0.41163296200126914
10527,0.04575418802770384
10533,-0.17941821701014504
10539,-0.3813386719676549
10541,-0.8972205726298504
10544,-0.5382278795612274
10545,-0.5055867141283769
10551,-0.628739372434614
10555,-0.4964237274104412
10557,-0.5831507891803894
10558,-0.35121568979840073
10573,-0.14333599943763037
10584,-0.9327864807076404
10591,-1.0571738960485833
10595,-0.31925558043076474
10608,-0.643382483462963
10613,-0.48126430688736754
10616,-0.5061030236231012
10617,0.1079859120256925
10621,-0.46440797350235924
10623,-0.3228268188929589
10629,-0.7249731610064798
10632,-0.553277849965308
10641,-0.29867734218289954
10644,0.10850222152041683
10645,-0.98212616020671
10658,-0.2511633290878116
10659,-0.2380234060944422
10663,-0.5398694959716648
10665,-0.6437962700903954
10683,-0.4924594385243519
10693,-0.9214806792967041
10695,-0.573471492967729
10697,-0.5739567670270083
10706,-0.5114806250662227
10707,-0.09661518201599181
10714,-0.04825100100140165
10715,-0.4266772122677061
10725,-0.6811132446976159
10727,-0.8478808931307811
10729,-1.1347069356651505
10733,-0.37945273274068775
10745,-0.3863594388978504
10752,-0.5055867141283769
10755,-0.2866823007462881
10757,-0.6056517222283104
10759,-0.6811132446976159
10764,-0.5507976293888578
10772,-0.3228268188929589
10781,-0.591008611199961
10783,-0.09287101302284803
10785,-0.6454540006102243
10789,-0.628739372434614
10791,-0.9483596878581466
10792,-0.6732554226780444
10797,-0.08604549559069316
10801,-0.5357407317330763
10806,-1.1497638333209321
10808,-0.42668985965705064
10811,-1.0471746156359258
10813,-0.9670692625509283
10817,-0.2514317600880859
10821,-0.6439818480106898
10823,-0.6528973043231241
10829,-0.21931383140166025
10840,-0.6150640202211791
10843,-0.3268932825573914
10847,-0.9159301473226324
10855,0.023525878190950273
10857,-0.14385230893235468
10861,-0.7243945379063406
10865,-0.27558969197659594
10866,-1.0627244280226547
10869,-0.7586462843141828
10875,-0.7188440059322689
10881,-0.9483596878581466
10883,-1.0234074237000201
10884,-0.5382278795612274
10888,-0.8990200083590772
10892,-0.29340887645673913
10894,-0.24147138548580732
10895,-0.2530803037502237
10901,-0.32707886047768575
10902,-0.45680019443696046
10905,-0.14248583151812774
10911,-0.6489330154370346
10915,-0.38239515001176083
10918,-0.5679209609936574
10919,-0.9140769060148587
10926,-0.584973619673393
10927,-0.42254844802911795
10930,-0.2664886577438674
10932,-0.7188440059322689
10935,-0.9670692625509283
10937,-0.6299741294693197
10938,-0.6811132446976159
10945,-0.8816473654793445
10946,-0.6811132446976159
10947,-0.27003916000252437
10948,-0.20012816950729037
10949,-0.6454540006102243
10952,0.22495690669544588
10954,-1.1402574676392219
10959,-0.4790510845307083
10976,-0.5588283819393797
10977,-0.10535443483120155
10980,-0.3546636691897655
10981,-0.5699924781409191
10984,-0.9140769060148587
10993,-1.0571738960485833
11005,-0.628739372434614
11011,-0.41932058853069826
11023,-0.5155470887306555
11037,-0.16652617251122612
11038,-0.7088447255196114
11039,-1.1247076552524933
11041,-0.5865598627613751
11044,-0.6831847618448773
11049,-0.9140769060148587
11051,-0.05193564427835525
11059,-0.5949729000860505
11071,-0.36055758012761147
11073,-0.49768998629842587
11083,-0.7172023895218316
11084,-0.019051106963979877
11086,-0.4602792092637706
11091,0.11195020091178154
11092,-0.454728677289699
11093,-0.628739372434614
11097,-0.46424349814986005
11110,-0.5338345044450968
11115,-0.5201909193463473
11117,-0.33805664707969035
11120,-0.6660614302400774
11121,-0.5341544886450939
11123,-0.27916324091008105
11124,-0.29096888430366624
11127,-0.643382483462963
11137,-0.6677048907039728
11145,-0.6811132446976159
11146,0.003685057189047317
11152,-0.5116535555971728
11154,-0.31349757595309213
11155,-0.46076448332305
11156,0.06680717139967479
11157,-0.35462476337938664
11158,-1.1247076552524933
11161,-0.44404985514743883
11167,-0.3831760703840277
11169,-0.28039799794478726
11170,-0.34550068247182997
11171,-1.0571738960485833
11173,-0.5776002572063178
11177,-0.5956524418156529
11183,-1.0571738960485833
11190,-0.1343459432506447
11191,-0.5527933904128116
11200,-1.1347069356651505
11205,-0.5676009767936603
11211,-0.30935616432515944
11230,-0.594456590591326
11232,-0.5301901997590047
11233,-0.6584393811187444
11236,-0.27920214672045995
11237,-0.1850310495583724
11244,-1.0571738960485833
11259,-0.3412164093857433
11261,-0.5089957877093626
11265,-0.5893669947895236
11272,-0.5398694959716648
11278,-0.14803636349219929
11283,-1.0668658396505877
11284,-0.3174492174498373
11292,-0.16488455610078884
11294,-0.6831847618448773
11305,-0.575747015898544
11307,-0.6056517222283104
11311,-0.9389156357818514
11314,-0.40790533700076853
11320,-1.0234074237000201
11321,-0.7188440059322689
11323,-0.1900814668857348
11337,-0.6731854814322198
11343,-0.5926571548620992
11345,-0.5168974824398315
11347,-0.3134849285637478
11356,-0.6811132446976159
11363,-0.8063072354293355
11375,-0.8777111199716915
11377,-0.7799844373527036
11382,-0.283488455586028
11383,-0.32721530253687
11385,-0.5575641588308761
11386,-0.6473488081285339
11391,-0.545742047925215
11399,-0.5059087341078554
11400,-0.6966777402531703
11405,-0.4550506972691779
11407,-0.38926847101253226
11408,-0.9376228300542679
11410,-1.1646532082054522
11412,-0.8096844460368344
11416,-0.23834542607392076
11419,-0.46472999348183813
11422,-0.4026768250061755
11423,-1.2672424258904582
11425,-0.6437045034424419
11427,-0.38928111840187624
11432,-0.7101357474316254
11434,-0.4606012292432495
11436,-1.214548116040884
11440,-0.7755356889141177
11442,-0.7247165578858191
11452,-0.3346275708143242
11453,0.17757488254144801
11458,-0.4877154819410573
11463,-1.2672424258904582
11464,-0.08742238113530981
11471,-0.6754002731505265
11481,-0.498394291052058
11507,-1.2139694929407443
11510,-0.32721530253687
11511,-0.28394939175829753
11514,-0.8700890708503586
11515,-0.4228704680085965
11516,-0.4026768250061755
11517,-0.6853441802407287
11519,-0.3717313527803003
11525,-0.47424481434199883
11526,-0.6966777402531703
11533,-0.3946460724556535
11534,-0.5799226680214188
11539,-0.38345094081866915
11540,-1.1183143274690177
11545,-0.648935051216516
11546,-0.5436005895321294
11547,-0.11872067536170303
11551,-1.28595200058324
11554,-0.5874994116513719
11555,-0.8263233180891376
11561,-1.2915025325573115
11567,-0.4927814585038305
11575,-0.7008065044917591
11578,-0.832358309615706
11580,-0.7462179650041402
11584,-0.7252018319450979
11590,-0.7589683042936614
11593,-0.4781383474754813
11595,-0.8263233180891376
11598,-0.8379088415897776
11599,-0.3549856891692444
11601,-1.229026390596526
11610,-0.2876959049096494
11612,-0.30409588521588105
11617,-1.208418960966673
11620,-0.671435984264437
11625,-0.5022962793639917
11626,-0.18053861273225927
11628,-1.032892430397434
11633,-0.7079708942747631
11636,-0.8189499556220624
11639,-0.5913306311794395
11651,-1.208418960966673
11666,-0.5158691087101344
11669,-0.7719536848021815
11673,-0.8600897904377011
11675,-0.685399553563184
11676,-0.5570478493361516
11684,-0.29769518532230677
11685,-0.289484541302217
11689,-0.8379088415897776
11694,-0.5737935129472079
11695,-0.6120095482411397
11711,-0.6758529655883375
11716,-0.38926847101253226
11718,-0.8756396028244302
11720,-0.5570478493361516
11722,-0.532583736885745
11731,-0.6945625402811195
11738,-0.5682429809731363
11744,-0.7966990655283144
11745,-0.5722072698592259
11751,-0.30918084451589456
11753,-0.794627548381053
11760,-0.4550189301544924
11763,-0.6909500855372557
11764,-0.13557700874671136
11770,-0.5667397929381558
11776,-0.7247165578858191
11800,-0.43254976422125657
11801,-1.2920811556574512
11804,-0.742253676118051
11808,-0.5118026450457016
11820,-0.43237683369030644
11824,-0.6964921623328759
11825,-0.14677214038369576
11831,-0.7457016555094157
11840,-0.8656403224117727
11841,-0.5209656317636369
11854,-0.38926847101253226
11857,-0.4290833967837907
11863,-0.619062112001435
11864,-0.21911954188641442
11869,-0.7252018319450979
11871,-0.3138195959325707
11883,-0.5341565244245754
11884,-0.5059087341078554
11890,-0.794627548381053
11894,-0.572104746991933
11895,-0.7230277919305446
11899,-0.7457016555094157
11905,-0.38926847101253226
11911,-1.208418960966673
11917,-0.834429826762967
11920,-0.5225844564730876
11921,0.03220236957690801
11926,-1.208418960966673
11928,-0.26639689109591386
11929,-0.039294864006308126
11930,0.03220236957690801
11935,-0.5913306311794395
11939,-0.31918454998634793
11942,-0.6814352646770945
11948,-0.832358309615706
11949,-1.1238648594430891
11957,-0.6769865162385086
11961,-0.5713709761645035
11962,-0.8418731304758668
11963,-0.545742047925215
11966,-0.5818865660718855
11970,-0.7568967871464001
11971,-1.28595200058324
11975,-0.45060194883059207
11981,-0.5591504019188586
11985,-0.7191660259117475
11991,-0.42169801154804665
11992,-0.36839404316288765
12004,-1.2421862478220194
12005,-0.5682429809731363
12006,-0.43254976422125657
12012,-0.4404075862408286
12017,-0.3016041008859411
12018,-1.28595200058324
12019,-0.538549899540706
12022,-0.41731993603452494
12025,-0.7101357474316254
12031,-0.8569300281316482
12034,-0.4404075862408286
12037,-0.4404075862408286
12039,-0.41731993603452494
12050,-0.5360627517125552
12060,-0.6059737422077893
12061,-0.5682429809731363
12067,-0.7406120597076137
12081,-0.7096665874817382
12097,-0.9891266776362132
12099,-0.21238140242247414
12100,-0.7440600390989783
12102,-1.0671752122407216
12103,-0.532583736885745
12107,-0.4781383474754813
12116,-0.6814352646770945
12125,-1.1183143274690177
12126,-0.36087960010709
12147,-0.5609567648997859
12158,-0.794627548381053
12165,-0.6814352646770945
12169,-0.36839404316288765
12171,-1.208418960966673
12172,-0.5913306311794395
12181,-1.1930547265002385
12186,-0.6667921536487451
12187,-0.545742047925215
12189,-0.14677214038369576
12191,-0.5401915159511433
12193,-0.545742047925215
12195,-0.4228704680085965
12199,-0.4069231801401762
12202,-0.26607690689591634
12203,-0.5682429809731363
12212,-0.695078849775844
12219,-0.32121921682068094
12221,-0.38951778228746514
12223,-0.8420502532177102
12228,-0.7269920808166337
12237,-0.22308383077250393
12238,-0.7288453221244074
12245,-0.12427120733577457
12246,-0.832358309615706
12254,-1.0996047527762358
12257,-0.27607618730857375
12264,-0.4715870464541889
12270,-0.49833199047790205
12281,-0.8001780803551246
12283,-1.3934313127401081
12293,-0.4977636202447404
12304,-0.3148955771506541
12308,-0.7592903242731389
12317,-1.0042108041636473
12318,-0.6479908123080086
12320,-1.2695593923871065
12322,-0.21346310377820094
12323,-0.7194880458912251
12329,-0.6440265234219195
12330,-0.8326803295951832
12339,-0.397245919706996
12340,-0.8248225075756113
12341,-0.7743472219289204
12346,-0.6671141736282227
12352,-0.2340413420260662
12353,-0.9085556386919208
12359,-0.5083333066700398
12360,-0.8765402459040467
12363,-0.7949495683605302
12365,-0.7668981033385376
12366,-0.7743103716159918
12369,-0.1602214359671979
12371,-1.3596640258847617
12379,-0.8618971348756976
12394,-0.3381843775439217
12414,-0.6379915318953511
12415,-0.7555771907154403
12417,-0.18482492159782588
12419,-0.8996278961103502
12420,-0.9479441304464027
12424,-1.2751099243611779
12425,-1.0611364141503612
12431,-1.0213341357684471
12439,-0.5498554262598317
12489,-0.6948456544502177
12490,-0.13409959299696175
12492,-0.42367776204735313
12500,-0.4858726357324131
12505,0.0318803495974308
12506,-0.8764468968631867
12516,-0.9312295022707923
12519,-0.35629166281165153
12521,-0.7970210855077919
12523,-0.6814373004565746
12525,-0.7290028667513858
12529,-0.8974630299222288
12531,-0.5782442971652739
12541,-0.7425756960975283
12545,-0.19609046089846818
12549,-1.0289561848897801
12559,-0.6141218170921527
12560,-0.32364378938286464
12561,-0.3638698392220877
12566,-0.3037322126283548
12575,-0.6478882894407162
12578,-0.4307692316180275
12588,-1.2508498176943246
12589,-0.9041783776851817
12595,-1.235792920038543
12599,-0.582208586051363
12604,-1.315898273123541
12611,-1.365214557858833
12614,-0.8700911066298387
12615,-0.5782442971652739
12623,-0.9458726132991417
12625,-1.3596640258847617
12629,-0.8724826079770971
12631,-0.3414629738630078
12633,-0.7949495683605302
12638,-0.7084784921745347
12639,-0.3563553961662901
12642,-1.2449685541458233
12645,-1.1846538048102468
12648,-0.8163956021563964
12655,-0.6328313917849347
12656,-0.8282315811565973
12660,-0.7048449348628752
12662,-1.1709784525968123
12674,-1.0168853873298611
12676,-0.6537058196345791
12681,-0.4592344832674524
12691,-0.4069631338717424
12695,-0.7106155867298921
12697,-1.2239708091328818
12708,-0.8839993026061305
12710,-0.5685650009526139
12717,-1.3496647454721045
12720,-0.9102133692117501
12722,-0.7082929142542403
12739,-1.3552152774461759
12743,-0.265836976041203
12746,-0.8005001003346018
12756,-1.365214557858833
12759,-0.8005001003346018
12761,-1.2352766105438189
12762,-0.35487132785665104
12763,-0.8981425716518312
12764,-0.7989138572466198
12784,-0.8120779831635734
12786,-0.7082929142542403
12787,-0.7060796918975815
12794,-0.7949495683605302
12801,-0.681757284656572
12807,-0.9908024501700042
12808,-0.6311897753744974
12814,-0.422475028306385
12815,-0.3508048641922185
12826,-1.2751099243611779
12829,-0.9736040941211368
12834,-0.7233969614548593
12837,-0.9312295022707923
12839,-0.5595347224724919
12843,-0.49748155399682953
12848,-0.7425756960975283
12849,-0.40352878972801404
12860,-0.7215595630384863
12864,-0.5444778248167105
12868,-0.5247992481913929
12875,-0.5067470635820573
12880,-0.6440265234219195
12885,-0.9553874341593025
12886,-0.7425756960975283
12892,-0.6333477012796592
12904,-0.8699266312773394
12907,-1.3596640258847617
12911,-0.9442309968887044
12920,-0.7325764156848708
12922,-0.7103954668369469
12928,-0.4446385217839401
12935,-0.3981526210653756
12936,-0.8974630299222288
12937,-0.8557679798014868
12938,-0.41805574264143425
12939,-0.7425756960975283
12940,-0.7194880458912251
12946,-0.6671141736282227
12950,-0.27749283072493336
12953,-0.0831182970874551
12970,-1.315898273123541
12979,-1.3596640258847617
12988,-0.9891539065078659
12991,-0.6848852798479392
12996,-0.9519084193324922
12997,-1.2245494322330215
13012,-0.47439390379052576
13013,-0.5689787875800459
13016,-1.0363910334242286
13033,-0.5951006305502822
13043,-1.256400349668396
13051,-0.6610627145895784
13056,-0.5602397622055261
13060,-0.4390009392749451
13061,-0.9136923840385603
13064,-0.5741155329266855
13069,-0.27387465584342563
13075,-1.3596640258847617
13077,-0.1567734565758331
13080,-0.9312295022707923
13084,-0.605735847132556
13086,-0.6098646113711444
13091,-0.6371177006505014
13092,-0.33648377314334665
13096,-0.8897542973511839
13103,-0.6379160763931371
13123,-1.51090909080285
13125,-1.1681304522479494
13133,-0.9123727876076002
13136,-0.26532270232595867
13139,-0.232556999024616
13140,-1.6034990280751986
13145,-0.4450159150858725
13146,-0.7202238524981343
13148,-0.30801852149392156
13152,-0.7806284773116584
13160,-0.818359238546311
13173,-0.24941333240962438
13174,-0.5954226505297594
13183,-1.51090909080285
13187,-0.876283642783385
13192,-1.5981340740214214
13193,-0.5061163927747399
13197,-0.48857927454250777
13201,-1.0991891953644912
13216,-0.908463872043966
13219,-0.9692822834849222
13220,-0.5624545539238315
13227,-0.5408355559100985
13230,-0.9012330292930711
13237,-0.8013073943733586
13238,-1.588442130419417
13241,-1.51090909080285
13244,-0.6674361936077002
13245,-1.1343639798993859
13259,-1.2023821986557925
13265,-0.9954110537068589
13271,-0.7368627245504374
13274,-0.8707331108093134
13282,-0.3698364588644781
13284,-1.03341961649719
13287,-0.9215522418376121
13293,-1.0272066877219959
13295,-0.5954226505297594
13296,-0.8008221203140794
13299,-1.5546756580708534
13300,-1.08247456718888
13301,-0.6040942307221187
13305,-0.6271184202378439
13308,-0.4743725448062292
13313,-0.8783551599306463
13320,-1.3696653420768985
13324,-0.9349995016416343
13333,-0.4757978998175415
13334,-0.9501589221647081
13339,-0.7706681027093799
13343,-0.799180503903642
13346,-0.8385528815487324
13351,-0.8390381556080112
13365,-0.8446820366229433
13368,-0.3415179956226938
13373,-0.6387039437384839
13378,-1.517038245877061
13379,-0.7241881413842238
13386,-0.7068154985044911
13387,-0.6805761166010691
13396,-0.6917586008487097
13398,-0.30801852149392156
13401,-0.7294893620833622
13402,-0.8030976432448941
13406,-1.1781297326606066
13407,-0.7294893620833622
13418,-0.7066510231519919
13425,-0.856089999780964
13438,-0.6371177006505014
13442,-0.9875696991993632
13443,-1.5009098103901928
13444,-1.0347445255415704
13449,-0.8840070585232535
13453,-0.7992358772260973
13458,-0.5962210262723949
13469,-0.6197061519603898
13472,-1.3962136190639116
13484,-0.28336538267848216
13501,-0.4549772775464436
13502,-1.4358613549609764
13503,-0.876283642783385
13504,-0.908463872043966
13508,-0.9105353891912277
13509,-0.5444691132217576
13519,-0.8350738667219221
13520,-0.6061333226142473
13521,-0.4639368831015011
13522,-0.5693008075595232
13527,-0.7160810080897185
13530,-0.7046824952898565
13532,-0.8241298904133278
13536,-0.7952715883400078
13538,-0.5070690835615349
13543,-0.4584252569378088
13548,-0.7973431054872692
13549,-0.7781482567352083
13551,-0.4115315089852201
13556,-0.7530920786667693
13560,-0.8728046279565747
13561,-1.0277853108221353
13566,-0.5251212681708701
13576,-0.30960476458190395
13577,-0.4795489960623862
13583,-0.7086149342337179
13590,-0.8938207610156166
13592,-1.0216561557479245
13594,-0.5605617821850033
13596,-0.5785663171447512
13598,-0.7903204209136626
13601,-0.9140144040180376
13607,-1.1161388647591008
13608,-0.23759122150396314
13611,-0.77459348578509
13618,-1.0213361715479266
13620,-0.5135286610521942
13622,-0.5391939394996611
13624,-1.0311709766080854
13631,-1.3865216754619072
13637,-0.8884558069618393
13655,-0.9778904029867036
13664,-0.7368627245504374
13666,-0.44846389447723745
13667,-1.0655160720567882
13684,-0.584695472218962
13697,-0.9181558156459702
13702,-0.9140144040180376
13704,-1.1746507178337968
13715,-0.48439521998266344
13717,-0.7867576323858693
13721,-0.4869930314545257
13723,-0.3320739305151397
13725,-0.7619189026188764
13729,-1.189953879345748
13732,-0.8510470657066643
13739,-0.8619625517345132
13740,-0.5818999352235228
13746,-1.3258957827518854
13748,-0.9504809421441857
13756,-1.0240496928746634
13761,-1.3193755171660382
13764,-1.1188857319925731
13765,-0.48858131032198787
13768,-1.0971197139967097
13772,-0.9560314741182573
13785,-1.097439698196707
13786,-1.3691770759606094
13788,-0.6573133794324025
13804,-0.7362709595534989
13806,-0.6759688576072672
13808,-0.9184651882361033
13810,-0.49858059073464545
13820,-0.8411504244590242
13822,-0.8372886584402275
13826,-0.6720045687211778
13831,-0.9902832205260998
13832,-0.6904390044177495
13836,-0.5307608199952266
13844,-0.9560314741182573
13849,-0.9635693119378312
13852,-1.0692237578222148
13860,-0.8242317904998602
13869,-1.0597089369620543
13870,-0.5554903578299586
13872,-0.8229276136597892
13878,-0.49672734942687174
13882,-1.1372419765786212
13890,-0.7664872777323543
13891,-0.9461966690580985
13894,-1.0089836083611903
13898,-0.7037003384292626
13903,-1.2182540310219983
13908,-1.2166677879340162
13911,-1.174972737813274
13913,-1.0633532416481462
13914,-0.7201320858501795
13915,-0.8788811856936768
13916,-1.0636732258481434
13929,-0.9108574091707049
13935,-0.923842789679225
13941,-0.7097353299558307
13944,-1.0281073308016124
13945,-0.8781474148662471
13952,-0.8925011645846568
13953,-1.037035073383183
13960,-1.1825805168786725
13961,-1.2237203516943116
13973,-0.6733710461354049
13974,-0.32174889546704244
13976,-0.6925052067922779
13977,-0.8276797698912253
13981,-0.8921478344779229
13992,-0.8941427809950941
13993,-1.73523844689892
13994,-0.47611991979701873
14005,-0.9461966690580985
14012,-0.703847358411393
14015,-1.1538093611990774
14017,-0.9124301967095351
14020,-0.9897979464668207
14022,-1.0846029501492855
14025,-0.6479173925852746
14037,-0.6955286002195519
14050,-0.80872088392351
14064,-0.8082845026314398
14065,-1.2559847922566512
14076,-1.2106319819006655
14077,-0.9358378311158362
14078,-1.1994368502636812
14081,-1.0256224804134932
14088,-0.7709901226888575
14100,-1.097439698196707
14101,-1.2237203516943116
14104,-0.49483642174150133
14115,-0.9504809421441857
14129,-0.7395383279250871
14130,-1.323824265604624
14136,-0.7955936083194853
14144,-0.5341698935762126
14153,-1.1240829338599108
14156,-0.7843984766825006
14165,-1.2392701640810402
14168,-1.1807272755708993
14169,-1.0085698217337584
14170,-1.7396871953375057
14174,-0.9696043034643993
14180,-0.6733087455612491
14185,-0.8694135143783536
14186,-0.7497887636661354
14196,-1.695921442576285
14198,-1.2392701640810402
14211,-0.633991741238614
14223,-0.9318735422297467
14227,-0.7328229801621342
14231,-1.0567455129819872
14235,-0.5666383399221058
14256,-0.9313890826772503
14257,-1.174972737813274
14261,-1.0673309860833875
14263,-0.900271936069305
14264,-1.050616357907776
14268,-1.0997623706723592
14282,-0.5858642241096123
14286,-1.2916440363440425
14300,-0.6005903901909636
14304,-0.8662089068685134
14305,-0.8268919025458783
14311,-1.1395485349448813
14313,-0.6717225024732669
14316,-0.8284781456338608
14317,-0.5271173298159174
14329,-1.1354924794108372
14330,-1.3805159485864713
14332,-1.490126228178494
14336,-0.9256442611879316
14338,-1.0865665865391998
14339,-0.9257630952009648
14348,-1.0488358253045473
14351,-0.8649446837600085
14353,-1.2130255190274042
14355,-1.0466226029478884
14362,-1.045387845913182
14365,-1.164192962165368
14366,-1.4273392888754026
14367,-1.271772413321099
14377,-1.679528834380151
14378,-1.5941069373085672
14379,-0.9923954893771124
14380,-0.6477231030700273
14396,-1.2065052534415568
14398,-0.9802084846112284
14400,-0.5951847554545261
14401,-1.012317226439962
14406,-1.0493521347992714
14414,-1.0877624377635273
14420,-0.6611314570636706
14428,-1.3020595002838202
14429,-1.1955897674137081
14432,-1.0546660028877546
14434,-1.6890118052980843
14440,-0.7950336932647746
14441,-0.6477231030700273
14446,-1.1226557313634158
14454,-0.9650800995235996
14455,-1.4313035777614915
14466,-1.124297347773853
14469,-1.1306462554905599
14472,-1.3070229539793017
14473,-1.0223001957068791
14486,-1.6452460525368635
14488,-0.5366333719487758
14489,-0.8141570545849887
14490,-1.4597050960562779
14499,-1.2340416520864461
14508,-0.9364419173432249
14535,-1.0770836156212666
14539,-0.6482394125647518
14541,-0.8463372838455699
14547,-0.8125708114970065
14556,-1.1752947577927515
14559,-1.0493521347992714
14561,-0.8824264286697853
14563,-0.7144354254488294
14564,-1.099833235323446
14565,-1.145007300270998
14571,-0.8272139225253559
14574,-0.8292854396726169
14576,-1.0111050640698944
14581,-1.164130661591212
14584,-0.9187872082155809
14599,-0.8433256857462755
14606,-1.3016579999255244
14607,-0.9534945760229597
14611,-0.7614316962687103
14621,-1.0660667629748826
14625,-1.1208493683824874
14626,-0.8272139225253559
14631,-1.3050933319275446
14635,-1.2784877610840524
14636,-1.8033999402263698
14639,-0.9221962817965668
14649,-1.2565579675645193
14650,-0.978136967463967
14655,-0.6820058849133153
14658,-0.9923954893771124
14659,-1.3996078080534067
14669,-0.6767046642141765
14671,-0.8172146421126983
14681,-1.0016220931519615
14684,-1.0517057181944445
14685,-0.9987443970938201
14686,-1.216504533854214
14689,-1.3905152289991285
14690,-1.2109540018801426
14692,-1.1963108908517934
14693,-1.0050700725433266
14694,-0.8463372838455699
14700,-0.5012252831897749
14703,-1.069710253154191
14714,-1.2950940515148874
14734,-1.292379842950952
14737,-0.9226961237792152
14740,-1.093212051108135
14742,-1.4078084802748794
14744,-1.8809329798429368
14745,-1.0870828960339238
14750,-1.1394013949744715
14757,-1.2791846815985535
14758,-0.7708757613762643
14761,-1.2109540018801426
14762,-0.5023505901054879
14771,-0.9884312004910233
14778,-0.9905337530737301
14784,-1.2486847631147957
14786,-1.0471942088941102
14802,-1.2490067830942728
14805,-1.079724216735673
14812,-0.9367639373227021
14819,-0.9255688056857176
14820,-0.8561741246852084
14826,-1.5841348857675621
14827,-0.9853052410791359
14835,-1.920878532795895
14843,-1.4514117934630808
14848,-1.2720944333005761
14858,-1.0066903102480877
14861,-1.2406815443471855
14862,-1.0897584994085745
14863,-1.2189994375994888
14867,-1.4020013451801454
14869,-1.0734413467146553
14874,-1.5529243901187568
14881,-1.2755424126919415
14882,-1.3073449739587788
14900,-1.3265398227108398
14906,-0.8366989292227687
14908,-1.4060589831070953
14917,-1.1612248220722698
14920,-1.2133475390068817
14927,-1.2278123710446314
14930,-1.8307738992982399
14935,-1.0958876544827856
14939,-0.8947868209540489
14944,-1.1686990367046899
14945,-1.143640554295201
14950,-1.230297208401491
14954,-1.0278694357263796
14967,-1.2207908427197807
14968,-1.0578294254763838
14969,-1.3283772211272127
14979,-1.4607482394738402
14987,-0.9608042783158001
14996,-1.2510783002415347
14999,-1.202950783112533
15009,-1.3561640752716635
15021,-2.042177325173683
15022,-1.052027738173922
15024,-0.8990331760880492
15028,-1.344968943634679
15032,-1.424367871948364
15036,-1.1569072030794472
15040,-1.1401925749038357
15041,-0.5672823798810606
15052,-1.5262104815304887
15053,-1.162350128987983
15055,-1.1307485228275411
15070,-0.9638158764150946
15072,-0.8818030529244969
15073,-1.1795095792264707
15076,-0.9746802764776495
15078,-1.241775940343378
15080,-1.0531221341701138
15081,-1.5362097619431458
15091,-1.632443550515012
15095,-1.3415967203666215
15105,-1.2109560376596227
15112,-1.2485223235417764
15117,-1.1510443275770457
15122,-1.8645403716468034
15127,-1.096403427378838
15133,-1.2358477403755623
15135,-0.8883543539457894
15139,-1.3682348728315818
15142,-1.0872025227088167
15147,-1.2911156198424472
15151,-0.8743907846470427
15152,-0.9498523071163482
15159,-1.131365750951729
15164,-1.092048746629094
15169,-1.562532560019778
15174,-1.5529243901187568
15175,-1.0010303281550232
15180,-1.1735452606249677
15183,-0.8990331760880492
15191,-1.1358144993903148
15193,-2.042177325173683
15195,-1.356834112744454
15197,-1.3132731739265942
15199,-1.281609254160737
15201,-0.8277554396170194
15207,-0.8599441240560518
15209,-1.3156977464887791
15213,-1.0703542931131478
15215,-1.5345368354054536
15221,-1.475228910929172
15225,-1.5909771713328884
15234,-1.4267874776100313
15246,-1.1070301887826628
15249,-1.0807781594898969
15250,-1.0546563165196605
15264,-1.2779669852541262
15267,-2.1556916288571215
15275,-1.3573927966095212
15277,-1.4296573704999282
15282,-1.3101472145147077
15286,-1.3164650867959702
15290,-1.558796942072307
15292,-1.1909199392841814
15293,-1.666438693802194
15306,-1.3183578585347977
15310,-1.186994556208471
15333,-1.0542425298922284
15334,-1.1869556503980925
15339,-0.84253257536594
15353,-1.1405145948833149
15356,-1.5909771713328884
15357,-0.9124824716715532
15360,-1.5849421798063204
15371,-0.9601736075084842
15378,-1.1710925738314304
15386,-1.3247903255430573
15387,-1.1785274223658793
15389,-1.3162763695889188
15392,-1.131290295449516
15393,-1.1354190596881042
15396,-0.9279933782479032
15401,-1.4758989484019627
15422,-1.2516514755494041
15431,-0.9974199091906405
15448,-1.2051655748308396
15457,-0.9925394146893597
15460,-1.164423215496892
15462,-1.440054126394277
15463,-1.3680716187517814
15476,-0.9737150308601493
15478,-1.1769952757958138
15484,-1.2624560786777765
15489,-1.3856087369840133
15490,-0.9279933782479032
15493,-2.183423109679117
15498,-1.649724065626583
15504,-1.622187666981694
15511,-1.4677856072162727
15517,-1.0733658912124424
15518,-1.6436890741000152
15520,-1.5094806573370148
15529,-1.3143935696487083
15533,-1.2870595643084048
15536,-0.9561071438440518
15539,-1.2724164532800548
15540,-1.1729853455702581
15546,-0.9064474801449848
15552,-1.400251848012363
15563,-1.7084557639024132
15564,-1.5236947591833914
15569,-1.6309227242858462
15573,-1.2563824819619234
15574,-1.228058935521896
15584,-1.6103203778542363
15600,-1.6440110940794923
15602,-1.5514969129304512
15604,-1.728955587466731
15608,-1.5268545214894447
15612,-1.5025710200588143
15614,-1.579228393752447
15615,-1.7839172863717188
15616,-1.4660361100484884
15621,-1.1917096034318646
15622,-1.296757568566493
15630,-1.3524463508628388
15631,-1.469602923452886
15632,-1.3441335320644057
15638,-1.5892276741651041
15640,-1.324792361322537
15645,-1.4379846450264955
15647,-1.7084557639024132
15652,-1.1898437147347467
15670,-1.6667607137816711
15673,-1.5065353089449034
15692,-1.331844004431229
15694,-1.186880194895878
15697,-1.18084520336931
15702,-1.4648402588241614
15703,-1.0771358905832848
15721,-1.0220643364111268
15722,-1.471767789641008
15737,-1.4653565683188854
15738,-1.579228393752447
15750,-1.252897652257629
15751,-1.1491494336612251
15754,-1.658654205107842
15763,-1.4662216879687826
15765,-1.5039524492034355
15769,-1.4954416325360538
15773,-1.5454619214038834
15777,-1.4720719160818392
15781,-1.4709071002929568
15795,-1.3706691616620739
15796,-1.8009691305446716
15800,-2.3009017022486415
15825,-1.3755340010691417
15831,-1.3898950458495798
15836,-1.5378067201295866
15838,-1.5840993839969153
15840,-1.5411001570361025
15844,-1.5454619214038834
15860,-1.1431144421346573
15865,-1.6857819003235421
15870,-1.480413465974667
15871,-1.442268918112582
15878,-1.5835147026180136
15885,-1.568871591589664
15887,-1.6589762250873192
15892,-1.7782035003178456
15893,-1.78789544391985
15897,-1.215221912782663
15898,-1.3003944985793139
15902,-1.5101246972959697
15905,-1.9461792039361925
15908,-1.761643414627084
15911,-1.8614910776920377
15920,-1.637384337555986
15926,-1.6108487079583176
15932,-1.5651955197888867
15934,-1.3758560210486195
15936,-1.4528016118275642
15937,-1.6920631557062797
15938,-1.3965349381103196
15939,-1.4182306128989646
15951,-1.5371758218815792
15970,-1.3381252598139666
15981,-1.8370269652416307
16003,-1.547551332089791
16004,-1.525137449576793
16012,-1.7404727390831929
16013,-1.1736293855292128
16015,-1.8974315900551546
16020,-1.5895496941445815
16033,-1.536973428576994
16036,-1.4282298933116218
16049,-1.8497015484078447
16051,-1.4968580485117235
16052,-1.7106151822982636
16053,-1.2474021420432444
16064,-1.4870533582354069
16067,-1.3798203099347084
16074,-1.6963095108402804
16082,-1.8536650227871512
16092,-2.309048962626223
16093,-1.1946144831528098
16095,-1.6272804553792344
16096,-1.3345666687411175
16097,-1.6546144607195383
16100,-1.5132062366410877
16102,-1.780275017465107
16103,-1.5140881716752763
16116,-1.2820069438660093
16118,-1.4516395634974024
16121,-1.6437413490620314
16122,-1.7662050817446255
16124,-1.7074420733415387
16126,-1.5078752017792019
16128,-1.6814721102966843
16133,-1.8600228487999793
16138,-1.8264669552674802
16141,-1.5332302410409189
16153,-2.5542603107630377
16155,-1.624827768585696
16160,-2.0009466133259335
16163,-1.5648318472013605
16183,-1.4611543843575632
16191,-1.881038981859021
16199,-2.0069816048525015
16209,-1.3928926692037078
16222,-1.8977536100346322
16226,-1.4516395634974024
16230,-1.6210674854831602
16241,-1.3951992275699678
16248,-1.6331530073327836
16259,-1.531065374852797
16261,-1.7763294366244466
16263,-1.2946815270322234
16270,-1.9048061737949273
16274,-1.3796260204194621
16287,-1.4516395634974024
16296,-1.4178730911488389
16300,-1.6901401992456722
16306,-1.6814721102966843
16309,-1.719719181026061
16311,-1.5078752017792019
16324,-1.3912349386838785
16328,-1.543626996935268
16329,-1.4139088022627497
16332,-1.9465012239156698
16336,-1.9588540877234997
16343,-1.6700333320863643
16346,-1.6879232853503736
16361,-2.2991504342965463
16365,-2.072368391406937
16383,-1.986522532991936
16390,-1.881643068086411
16394,-1.4931403241028989
16411,-1.7112120727123823
16415,-1.7915384345887557
16426,-1.7697549612225232
16428,-1.534835374223641
16430,-1.9090924826604954
16432,-1.5464442924880573
16438,-1.9730518784241369
16448,-1.6817941302761625
16459,-1.7633848078196792
16463,-2.162190958656682
16467,-1.606848917301581
16478,-2.001268633305412
16489,-1.7246850316212317
16498,-1.5235918864181193
16510,-1.9881087760799185
16527,-1.6993470879259753
16529,-1.733113560274539
16540,-1.839168350268462
16542,-2.0846599548195943
16546,-2.1798477035638055
16551,-2.225903703545545
16559,-1.9534631361558876
16561,-1.6993470879259753
16562,-1.5467663124675348
16567,-1.6826324597503644
16568,-1.7958247434543224
16574,-1.839168350268462
16579,-1.8724185000910425
16581,-1.9972288889171084
16583,-1.7731508798754512
16590,-2.1080675892258958
16594,-1.7575776727249455
16596,-1.6464879416036937
16603,-1.9594981276824552
16613,-1.855820664838658
16620,-2.131834781161802
16621,-1.7350063320133666
16634,-2.8721146750656508
16637,-1.9157323749212345
16639,-1.8486124023447565
16640,-1.8819650880658882
16641,-2.1858826950903745
16651,-2.01474896432436
16659,-1.829591215802886
16660,-2.2657059819274603
16684,-2.3033612876598992
16693,-1.9414639030758851
16702,-2.3852552771374644
16705,-1.7353283519928442
16707,-1.9492346745605333
16721,-1.9465534988776887
16722,-2.152438242721288
16728,-2.0371744418700666
16733,-2.162349724556357
16746,-1.92614702435423
16762,-2.0940285644249355
16773,-2.2215818929093314
16778,-2.031529842207155
16784,-2.2286192606517625
16801,-2.0373939389822535
16814,-1.875378285273949
16818,-2.7225981715290577
16838,-2.244789169790527
16854,-2.1160859795102187
16861,-2.5261035861612045
16872,-2.112957984318851
16873,-2.3311319077066783
16874,-2.3052695507273593
16888,-2.486623327758767
16889,-1.947713848331367
16913,-2.589458809299943
16918,-2.0607118425200803
16924,-2.4389332398430232
16929,-2.5267476261201596
16932,-2.340400378313155
16937,-2.589264519784697
16943,-2.5797815488667637
